"interaction","name","selected","shared interaction","shared name","stringdb::coexpression","stringdb::cooccurrence","stringdb::databases","stringdb::experiments","stringdb::interspecies","stringdb::neighborhood","stringdb::score","stringdb::textmining"
"pp","9606.ENSP00000013807 (pp) 9606.ENSP00000493712","false","pp","9606.ENSP00000013807 (pp) 9606.ENSP00000493712",,,"0.4",,,,"0.908","0.854"
"pp","9606.ENSP00000013807 (pp) 9606.ENSP00000233146","false","pp","9606.ENSP00000013807 (pp) 9606.ENSP00000233146",,,"0.9","0.608",,,"0.992","0.817"
"pp","9606.ENSP00000013807 (pp) 9606.ENSP00000375978","false","pp","9606.ENSP00000013807 (pp) 9606.ENSP00000375978","0.049",,"0.9",,,,"0.982","0.831"
"pp","9606.ENSP00000013807 (pp) 9606.ENSP00000262887","false","pp","9606.ENSP00000013807 (pp) 9606.ENSP00000262887","0.128",,"0.36",,,,"0.967","0.946"
"pp","9606.ENSP00000013807 (pp) 9606.ENSP00000234420","false","pp","9606.ENSP00000013807 (pp) 9606.ENSP00000234420","0.049",,"0.9","0.181",,,"0.974","0.709"
"pp","9606.ENSP00000013807 (pp) 9606.ENSP00000278616","false","pp","9606.ENSP00000013807 (pp) 9606.ENSP00000278616",,,"0.9",,,,"0.975","0.77"
"pp","9606.ENSP00000215832 (pp) 9606.ENSP00000225577","false","pp","9606.ENSP00000215832 (pp) 9606.ENSP00000225577","0.049",,"0.9","0.097",,,"0.927","0.252"
"pp","9606.ENSP00000215832 (pp) 9606.ENSP00000378040","false","pp","9606.ENSP00000215832 (pp) 9606.ENSP00000378040","0.06",,"0.9",,,,"0.917","0.195"
"pp","9606.ENSP00000215832 (pp) 9606.ENSP00000305769","false","pp","9606.ENSP00000215832 (pp) 9606.ENSP00000305769","0.06",,"0.9","0.625",,,"0.965","0.126"
"pp","9606.ENSP00000215832 (pp) 9606.ENSP00000419060","false","pp","9606.ENSP00000215832 (pp) 9606.ENSP00000419060","0.095",,"0.7","0.647",,,"0.949","0.539"
"pp","9606.ENSP00000215832 (pp) 9606.ENSP00000302486","false","pp","9606.ENSP00000215832 (pp) 9606.ENSP00000302486","0.153",,"0.9","0.929",,,"0.999","0.95"
"pp","9606.ENSP00000215832 (pp) 9606.ENSP00000376943","false","pp","9606.ENSP00000215832 (pp) 9606.ENSP00000376943","0.086",,"0.9","0.292",,,"0.953","0.373"
"pp","9606.ENSP00000215832 (pp) 9606.ENSP00000410452","false","pp","9606.ENSP00000215832 (pp) 9606.ENSP00000410452","0.05",,"0.9","0.072",,,"0.949","0.492"
"pp","9606.ENSP00000215832 (pp) 9606.ENSP00000358548","false","pp","9606.ENSP00000215832 (pp) 9606.ENSP00000358548","0.109",,"0.9","0.098",,,"0.959","0.552"
"pp","9606.ENSP00000215832 (pp) 9606.ENSP00000339527","false","pp","9606.ENSP00000215832 (pp) 9606.ENSP00000339527","0.147",,"0.9","0.304",,,"0.963","0.462"
"pp","9606.ENSP00000215832 (pp) 9606.ENSP00000408695","false","pp","9606.ENSP00000215832 (pp) 9606.ENSP00000408695","0.128",,"0.9","0.102",,,"0.931","0.233"
"pp","9606.ENSP00000215832 (pp) 9606.ENSP00000340691","false","pp","9606.ENSP00000215832 (pp) 9606.ENSP00000340691",,,"0.9","0.329",,,"0.978","0.708"
"pp","9606.ENSP00000215832 (pp) 9606.ENSP00000357055","false","pp","9606.ENSP00000215832 (pp) 9606.ENSP00000357055","0.062",,"0.7","0.972",,,"0.998","0.781"
"pp","9606.ENSP00000215832 (pp) 9606.ENSP00000401303","false","pp","9606.ENSP00000215832 (pp) 9606.ENSP00000401303","0.055",,"0.4","0.684",,,"0.962","0.818"
"pp","9606.ENSP00000215832 (pp) 9606.ENSP00000405330","false","pp","9606.ENSP00000215832 (pp) 9606.ENSP00000405330",,,"0.9","0.625",,,"0.987","0.682"
"pp","9606.ENSP00000215832 (pp) 9606.ENSP00000298552","false","pp","9606.ENSP00000215832 (pp) 9606.ENSP00000298552","0.069",,"0.9","0.113",,,"0.926","0.219"
"pp","9606.ENSP00000215832 (pp) 9606.ENSP00000401888","false","pp","9606.ENSP00000215832 (pp) 9606.ENSP00000401888","0.116",,"0.7","0.8",,,"0.975","0.594"
"pp","9606.ENSP00000215832 (pp) 9606.ENSP00000381185","false","pp","9606.ENSP00000215832 (pp) 9606.ENSP00000381185","0.086",,"0.9","0.292",,,"0.969","0.586"
"pp","9606.ENSP00000215832 (pp) 9606.ENSP00000376436","false","pp","9606.ENSP00000215832 (pp) 9606.ENSP00000376436","0.106",,"0.9","0.609",,,"0.992","0.82"
"pp","9606.ENSP00000215832 (pp) 9606.ENSP00000478887","false","pp","9606.ENSP00000215832 (pp) 9606.ENSP00000478887",,,"0.9","0.643",,,"0.983","0.582"
"pp","9606.ENSP00000215832 (pp) 9606.ENSP00000331602","false","pp","9606.ENSP00000215832 (pp) 9606.ENSP00000331602","0.07",,"0.9","0.151",,,"0.929","0.218"
"pp","9606.ENSP00000215832 (pp) 9606.ENSP00000219476","false","pp","9606.ENSP00000215832 (pp) 9606.ENSP00000219476","0.06",,"0.9","0.292",,,"0.952","0.377"
"pp","9606.ENSP00000215832 (pp) 9606.ENSP00000496129","false","pp","9606.ENSP00000215832 (pp) 9606.ENSP00000496129","0.126",,"0.9","0.102",,,"0.928","0.196"
"pp","9606.ENSP00000215832 (pp) 9606.ENSP00000229795","false","pp","9606.ENSP00000215832 (pp) 9606.ENSP00000229795","0.343","0.067","0.9","0.816",,,"0.995","0.677"
"pp","9606.ENSP00000215832 (pp) 9606.ENSP00000435412","false","pp","9606.ENSP00000215832 (pp) 9606.ENSP00000435412","0.074",,"0.9","0.989",,,"0.999","0.821"
"pp","9606.ENSP00000215832 (pp) 9606.ENSP00000332973","false","pp","9606.ENSP00000215832 (pp) 9606.ENSP00000332973","0.104",,"0.9","0.364",,,"0.962","0.416"
"pp","9606.ENSP00000215832 (pp) 9606.ENSP00000362680","false","pp","9606.ENSP00000215832 (pp) 9606.ENSP00000362680","0.066",,"0.5","0.343",,,"0.932","0.805"
"pp","9606.ENSP00000215832 (pp) 9606.ENSP00000269305","false","pp","9606.ENSP00000215832 (pp) 9606.ENSP00000269305","0.045",,"0.9","0.807",,,"0.998","0.912"
"pp","9606.ENSP00000215832 (pp) 9606.ENSP00000360266","false","pp","9606.ENSP00000215832 (pp) 9606.ENSP00000360266",,,"0.9","0.772",,,"0.998","0.958"
"pp","9606.ENSP00000215832 (pp) 9606.ENSP00000264657","false","pp","9606.ENSP00000215832 (pp) 9606.ENSP00000264657","0.06",,,"0.926",,,"0.996","0.951"
"pp","9606.ENSP00000216181 (pp) 9606.ENSP00000379616","false","pp","9606.ENSP00000216181 (pp) 9606.ENSP00000379616","0.06","0.051","0.9",,,,"0.937","0.383"
"pp","9606.ENSP00000219476 (pp) 9606.ENSP00000379287","false","pp","9606.ENSP00000219476 (pp) 9606.ENSP00000379287","0.049",,"0.5","0.841",,,"0.952","0.449"
"pp","9606.ENSP00000219476 (pp) 9606.ENSP00000369757","false","pp","9606.ENSP00000219476 (pp) 9606.ENSP00000369757","0.067",,,,,,"0.908","0.906"
"pp","9606.ENSP00000219476 (pp) 9606.ENSP00000298552","false","pp","9606.ENSP00000219476 (pp) 9606.ENSP00000298552","0.155",,"0.9","0.998",,,"0.999","0.999"
"pp","9606.ENSP00000219476 (pp) 9606.ENSP00000346148","false","pp","9606.ENSP00000219476 (pp) 9606.ENSP00000346148","0.06",,"0.9","0.631",,,"0.978","0.456"
"pp","9606.ENSP00000219476 (pp) 9606.ENSP00000296782","false","pp","9606.ENSP00000219476 (pp) 9606.ENSP00000296782","0.049",,,"0.115",,,"0.908","0.901"
"pp","9606.ENSP00000219476 (pp) 9606.ENSP00000435412","false","pp","9606.ENSP00000219476 (pp) 9606.ENSP00000435412","0.05",,"0.9","0.523",,,"0.988","0.776"
"pp","9606.ENSP00000219476 (pp) 9606.ENSP00000354558","false","pp","9606.ENSP00000219476 (pp) 9606.ENSP00000354558","0.149",,"0.5","0.458",,,"0.99","0.962"
"pp","9606.ENSP00000219476 (pp) 9606.ENSP00000225577","false","pp","9606.ENSP00000219476 (pp) 9606.ENSP00000225577","0.055",,,"0.189",,,"0.952","0.943"
"pp","9606.ENSP00000219476 (pp) 9606.ENSP00000307272","false","pp","9606.ENSP00000219476 (pp) 9606.ENSP00000307272","0.253",,"0.5",,,,"0.966","0.918"
"pp","9606.ENSP00000225577 (pp) 9606.ENSP00000360266","false","pp","9606.ENSP00000225577 (pp) 9606.ENSP00000360266",,,"0.9",,,,"0.959","0.608"
"pp","9606.ENSP00000225577 (pp) 9606.ENSP00000296782","false","pp","9606.ENSP00000225577 (pp) 9606.ENSP00000296782","0.056",,,"0.81",,,"0.981","0.903"
"pp","9606.ENSP00000225577 (pp) 9606.ENSP00000425561","false","pp","9606.ENSP00000225577 (pp) 9606.ENSP00000425561","0.072",,,"0.292",,,"0.985","0.98"
"pp","9606.ENSP00000225577 (pp) 9606.ENSP00000405330","false","pp","9606.ENSP00000225577 (pp) 9606.ENSP00000405330","0.058",,"0.9","0.053",,,"0.955","0.558"
"pp","9606.ENSP00000225577 (pp) 9606.ENSP00000369757","false","pp","9606.ENSP00000225577 (pp) 9606.ENSP00000369757","0.049",,"0.9","0.76",,,"0.999","0.971"
"pp","9606.ENSP00000225577 (pp) 9606.ENSP00000340691","false","pp","9606.ENSP00000225577 (pp) 9606.ENSP00000340691",,,,,,,"0.972","0.972"
"pp","9606.ENSP00000225577 (pp) 9606.ENSP00000298552","false","pp","9606.ENSP00000225577 (pp) 9606.ENSP00000298552","0.076",,,"0.125",,,"0.906","0.893"
"pp","9606.ENSP00000225577 (pp) 9606.ENSP00000375711","false","pp","9606.ENSP00000225577 (pp) 9606.ENSP00000375711","0.091",,"0.9","0.075",,,"0.99","0.899"
"pp","9606.ENSP00000225577 (pp) 9606.ENSP00000307272","false","pp","9606.ENSP00000225577 (pp) 9606.ENSP00000307272","0.06",,"0.9","0.893",,,"0.999","0.999"
"pp","9606.ENSP00000225577 (pp) 9606.ENSP00000416255","false","pp","9606.ENSP00000225577 (pp) 9606.ENSP00000416255","0.062",,"0.75","0.07",,,"0.952","0.806"
"pp","9606.ENSP00000225577 (pp) 9606.ENSP00000361021","false","pp","9606.ENSP00000225577 (pp) 9606.ENSP00000361021","0.1",,,"0.086",,,"0.914","0.904"
"pp","9606.ENSP00000225577 (pp) 9606.ENSP00000354558","false","pp","9606.ENSP00000225577 (pp) 9606.ENSP00000354558","0.049",,"0.9","0.996",,,"0.999","0.978"
"pp","9606.ENSP00000225577 (pp) 9606.ENSP00000304895","false","pp","9606.ENSP00000225577 (pp) 9606.ENSP00000304895","0.043",,"0.9","0.537",,,"0.994","0.891"
"pp","9606.ENSP00000225577 (pp) 9606.ENSP00000263026","false","pp","9606.ENSP00000225577 (pp) 9606.ENSP00000263026","0.05",,"0.75","0.292",,,"0.961","0.797"
"pp","9606.ENSP00000226574 (pp) 9606.ENSP00000401888","false","pp","9606.ENSP00000226574 (pp) 9606.ENSP00000401888","0.073",,"0.9","0.095",,,"0.94","0.37"
"pp","9606.ENSP00000226574 (pp) 9606.ENSP00000264657","false","pp","9606.ENSP00000226574 (pp) 9606.ENSP00000264657","0.126",,,"0.599",,,"0.962","0.903"
"pp","9606.ENSP00000226574 (pp) 9606.ENSP00000269305","false","pp","9606.ENSP00000226574 (pp) 9606.ENSP00000269305","0.098",,,"0.045",,,"0.989","0.989"
"pp","9606.ENSP00000226574 (pp) 9606.ENSP00000378974","false","pp","9606.ENSP00000226574 (pp) 9606.ENSP00000378974","0.067",,"0.9","0.072",,,"0.987","0.87"
"pp","9606.ENSP00000226574 (pp) 9606.ENSP00000405330","false","pp","9606.ENSP00000226574 (pp) 9606.ENSP00000405330",,,,"0.51",,,"0.957","0.917"
"pp","9606.ENSP00000226574 (pp) 9606.ENSP00000478887","false","pp","9606.ENSP00000226574 (pp) 9606.ENSP00000478887","0.116",,,"0.292",,,"0.917","0.879"
"pp","9606.ENSP00000226574 (pp) 9606.ENSP00000360266","false","pp","9606.ENSP00000226574 (pp) 9606.ENSP00000360266","0.094",,,"0.292",,,"0.994","0.992"
"pp","9606.ENSP00000226574 (pp) 9606.ENSP00000394560","false","pp","9606.ENSP00000226574 (pp) 9606.ENSP00000394560","0.049",,"0.9","0.072",,,"0.943","0.437"
"pp","9606.ENSP00000226574 (pp) 9606.ENSP00000495360","false","pp","9606.ENSP00000226574 (pp) 9606.ENSP00000495360","0.061",,,"0.778",,,"0.964","0.845"
"pp","9606.ENSP00000226574 (pp) 9606.ENSP00000498587","false","pp","9606.ENSP00000226574 (pp) 9606.ENSP00000498587","0.084",,,"0.647",,,"0.932","0.809"
"pp","9606.ENSP00000227507 (pp) 9606.ENSP00000267163","false","pp","9606.ENSP00000227507 (pp) 9606.ENSP00000267163",,,"0.9","0.932",,,"0.998","0.831"
"pp","9606.ENSP00000227507 (pp) 9606.ENSP00000378699","false","pp","9606.ENSP00000227507 (pp) 9606.ENSP00000378699","0.138",,,"0.867",,,"0.998","0.984"
"pp","9606.ENSP00000227507 (pp) 9606.ENSP00000228872","false","pp","9606.ENSP00000227507 (pp) 9606.ENSP00000228872","0.098",,"0.9","0.992",,,"0.999","0.992"
"pp","9606.ENSP00000227507 (pp) 9606.ENSP00000498587","false","pp","9606.ENSP00000227507 (pp) 9606.ENSP00000498587","0.104",,"0.5",,,,"0.902","0.801"
"pp","9606.ENSP00000227507 (pp) 9606.ENSP00000495360","false","pp","9606.ENSP00000227507 (pp) 9606.ENSP00000495360","0.074",,"0.5","0.3",,,"0.972","0.926"
"pp","9606.ENSP00000227507 (pp) 9606.ENSP00000478887","false","pp","9606.ENSP00000227507 (pp) 9606.ENSP00000478887","0.067",,"0.4",,,,"0.969","0.951"
"pp","9606.ENSP00000227507 (pp) 9606.ENSP00000381185","false","pp","9606.ENSP00000227507 (pp) 9606.ENSP00000381185","0.052",,,,,,"0.958","0.958"
"pp","9606.ENSP00000227507 (pp) 9606.ENSP00000405330","false","pp","9606.ENSP00000227507 (pp) 9606.ENSP00000405330","0.07",,"0.75","0.625",,,"0.997","0.972"
"pp","9606.ENSP00000227507 (pp) 9606.ENSP00000384849","false","pp","9606.ENSP00000227507 (pp) 9606.ENSP00000384849","0.119",,"0.9","0.996",,,"0.999","0.996"
"pp","9606.ENSP00000227507 (pp) 9606.ENSP00000363822","false","pp","9606.ENSP00000227507 (pp) 9606.ENSP00000363822","0.073",,,"0.739",,,"0.955","0.831"
"pp","9606.ENSP00000227507 (pp) 9606.ENSP00000360266","false","pp","9606.ENSP00000227507 (pp) 9606.ENSP00000360266","0.042",,"0.5","0.292",,,"0.919","0.79"
"pp","9606.ENSP00000227507 (pp) 9606.ENSP00000269305","false","pp","9606.ENSP00000227507 (pp) 9606.ENSP00000269305",,,,"0.292",,,"0.946","0.928"
"pp","9606.ENSP00000227507 (pp) 9606.ENSP00000264657","false","pp","9606.ENSP00000227507 (pp) 9606.ENSP00000264657","0.054",,"0.5","0.645",,,"0.98","0.899"
"pp","9606.ENSP00000227507 (pp) 9606.ENSP00000368458","false","pp","9606.ENSP00000227507 (pp) 9606.ENSP00000368458","0.049",,"0.9","0.842",,,"0.989","0.373"
"pp","9606.ENSP00000228872 (pp) 9606.ENSP00000384849","false","pp","9606.ENSP00000228872 (pp) 9606.ENSP00000384849",,,"0.9","0.642",,,"0.982","0.555"
"pp","9606.ENSP00000228872 (pp) 9606.ENSP00000350512","false","pp","9606.ENSP00000228872 (pp) 9606.ENSP00000350512","0.084",,,"0.875",,,"0.992","0.937"
"pp","9606.ENSP00000228872 (pp) 9606.ENSP00000256442","false","pp","9606.ENSP00000228872 (pp) 9606.ENSP00000256442",,,,"0.827",,,"0.972","0.85"
"pp","9606.ENSP00000228872 (pp) 9606.ENSP00000262643","false","pp","9606.ENSP00000228872 (pp) 9606.ENSP00000262643","0.105",,"0.9","0.997",,,"0.999","0.843"
"pp","9606.ENSP00000228872 (pp) 9606.ENSP00000269305","false","pp","9606.ENSP00000228872 (pp) 9606.ENSP00000269305",,,"0.9","0.076",,,"0.991","0.911"
"pp","9606.ENSP00000228872 (pp) 9606.ENSP00000410452","false","pp","9606.ENSP00000228872 (pp) 9606.ENSP00000410452","0.044",,,"0.536",,,"0.951","0.899"
"pp","9606.ENSP00000228872 (pp) 9606.ENSP00000339527","false","pp","9606.ENSP00000228872 (pp) 9606.ENSP00000339527","0.092",,"0.75","0.429",,,"0.98","0.869"
"pp","9606.ENSP00000228872 (pp) 9606.ENSP00000378699","false","pp","9606.ENSP00000228872 (pp) 9606.ENSP00000378699","0.091",,,"0.903",,,"0.978","0.777"
"pp","9606.ENSP00000228872 (pp) 9606.ENSP00000429089","false","pp","9606.ENSP00000228872 (pp) 9606.ENSP00000429089","0.105",,"0.9","0.908",,,"0.998","0.815"
"pp","9606.ENSP00000229795 (pp) 9606.ENSP00000405330","false","pp","9606.ENSP00000229795 (pp) 9606.ENSP00000405330",,,"0.9",,,,"0.954","0.561"
"pp","9606.ENSP00000229795 (pp) 9606.ENSP00000325120","false","pp","9606.ENSP00000229795 (pp) 9606.ENSP00000325120","0.055",,"0.9",,,,"0.92","0.222"
"pp","9606.ENSP00000229795 (pp) 9606.ENSP00000360266","false","pp","9606.ENSP00000229795 (pp) 9606.ENSP00000360266",,,"0.9","0.328",,,"0.992","0.892"
"pp","9606.ENSP00000229795 (pp) 9606.ENSP00000269305","false","pp","9606.ENSP00000229795 (pp) 9606.ENSP00000269305","0.047",,"0.9","0.818",,,"0.994","0.744"
"pp","9606.ENSP00000229795 (pp) 9606.ENSP00000302486","false","pp","9606.ENSP00000229795 (pp) 9606.ENSP00000302486","0.095",,"0.9","0.322",,,"0.97","0.579"
"pp","9606.ENSP00000229795 (pp) 9606.ENSP00000339527","false","pp","9606.ENSP00000229795 (pp) 9606.ENSP00000339527","0.18",,"0.9","0.057",,,"0.949","0.423"
"pp","9606.ENSP00000229795 (pp) 9606.ENSP00000394560","false","pp","9606.ENSP00000229795 (pp) 9606.ENSP00000394560","0.082","0.062","0.9",,,,"0.942","0.416"
"pp","9606.ENSP00000229795 (pp) 9606.ENSP00000378974","false","pp","9606.ENSP00000229795 (pp) 9606.ENSP00000378974","0.11","0.061","0.9","0.292",,,"0.955","0.366"
"pp","9606.ENSP00000233146 (pp) 9606.ENSP00000369497","false","pp","9606.ENSP00000233146 (pp) 9606.ENSP00000369497","0.16",,"0.54",,,,"0.968","0.926"
"pp","9606.ENSP00000233146 (pp) 9606.ENSP00000368458","false","pp","9606.ENSP00000233146 (pp) 9606.ENSP00000368458","0.456",,"0.5","0.859",,,"0.972","0.365"
"pp","9606.ENSP00000233146 (pp) 9606.ENSP00000234420","false","pp","9606.ENSP00000233146 (pp) 9606.ENSP00000234420","0.683","0.14","0.9","0.998",,,"0.999","0.992"
"pp","9606.ENSP00000233146 (pp) 9606.ENSP00000269305","false","pp","9606.ENSP00000233146 (pp) 9606.ENSP00000269305","0.061",,"0.5","0.599",,,"0.974","0.882"
"pp","9606.ENSP00000233146 (pp) 9606.ENSP00000375978","false","pp","9606.ENSP00000233146 (pp) 9606.ENSP00000375978","0.202",,"0.9","0.133",,,"0.973","0.666"
"pp","9606.ENSP00000233146 (pp) 9606.ENSP00000320485","false","pp","9606.ENSP00000233146 (pp) 9606.ENSP00000320485","0.181",,,,,,"0.974","0.97"
"pp","9606.ENSP00000233146 (pp) 9606.ENSP00000372023","false","pp","9606.ENSP00000233146 (pp) 9606.ENSP00000372023","0.183",,,"0.536",,,"0.934","0.841"
"pp","9606.ENSP00000233146 (pp) 9606.ENSP00000278616","false","pp","9606.ENSP00000233146 (pp) 9606.ENSP00000278616","0.067",,"0.9","0.324",,,"0.999","0.995"
"pp","9606.ENSP00000233146 (pp) 9606.ENSP00000493712","false","pp","9606.ENSP00000233146 (pp) 9606.ENSP00000493712","0.243",,,"0.355",,"0.057","0.944","0.893"
"pp","9606.ENSP00000234420 (pp) 9606.ENSP00000375978","false","pp","9606.ENSP00000234420 (pp) 9606.ENSP00000375978","0.148",,"0.9","0.292",,,"0.972","0.591"
"pp","9606.ENSP00000234420 (pp) 9606.ENSP00000369497","false","pp","9606.ENSP00000234420 (pp) 9606.ENSP00000369497","0.142",,"0.54",,,,"0.967","0.924"
"pp","9606.ENSP00000234420 (pp) 9606.ENSP00000368458","false","pp","9606.ENSP00000234420 (pp) 9606.ENSP00000368458","0.451",,"0.5","0.994",,,"0.998","0.374"
"pp","9606.ENSP00000234420 (pp) 9606.ENSP00000278616","false","pp","9606.ENSP00000234420 (pp) 9606.ENSP00000278616","0.074",,"0.9","0.324",,,"0.999","0.994"
"pp","9606.ENSP00000244050 (pp) 9606.ENSP00000495360","false","pp","9606.ENSP00000244050 (pp) 9606.ENSP00000495360",,,,,,,"0.934","0.934"
"pp","9606.ENSP00000244050 (pp) 9606.ENSP00000261769","false","pp","9606.ENSP00000244050 (pp) 9606.ENSP00000261769",,,,"0.143",,,"0.965","0.962"
"pp","9606.ENSP00000244050 (pp) 9606.ENSP00000269305","false","pp","9606.ENSP00000244050 (pp) 9606.ENSP00000269305",,,"0.5","0.51",,,"0.992","0.973"
"pp","9606.ENSP00000244050 (pp) 9606.ENSP00000341551","false","pp","9606.ENSP00000244050 (pp) 9606.ENSP00000341551","0.055",,,"0.095",,,"0.96","0.957"
"pp","9606.ENSP00000244050 (pp) 9606.ENSP00000269141","false","pp","9606.ENSP00000244050 (pp) 9606.ENSP00000269141",,,,,,,"0.932","0.933"
"pp","9606.ENSP00000244050 (pp) 9606.ENSP00000332973","false","pp","9606.ENSP00000244050 (pp) 9606.ENSP00000332973","0.068",,,"0.095",,,"0.994","0.994"
"pp","9606.ENSP00000256442 (pp) 9606.ENSP00000391090","false","pp","9606.ENSP00000256442 (pp) 9606.ENSP00000391090","0.449",,,"0.069",,,"0.935","0.885"
"pp","9606.ENSP00000256442 (pp) 9606.ENSP00000384849","false","pp","9606.ENSP00000256442 (pp) 9606.ENSP00000384849",,,,"0.867",,,"0.977","0.837"
"pp","9606.ENSP00000256442 (pp) 9606.ENSP00000342307","false","pp","9606.ENSP00000256442 (pp) 9606.ENSP00000342307","0.684",,"0.5","0.536",,,"0.988","0.863"
"pp","9606.ENSP00000256442 (pp) 9606.ENSP00000269305","false","pp","9606.ENSP00000256442 (pp) 9606.ENSP00000269305","0.095",,,"0.053",,,"0.914","0.909"
"pp","9606.ENSP00000256442 (pp) 9606.ENSP00000378699","false","pp","9606.ENSP00000256442 (pp) 9606.ENSP00000378699","0.895",,"0.9","0.999",,,"0.999","0.999"
"pp","9606.ENSP00000256474 (pp) 9606.ENSP00000350512","false","pp","9606.ENSP00000256474 (pp) 9606.ENSP00000350512","0.049",,,"0.948",,,"0.958","0.22"
"pp","9606.ENSP00000256474 (pp) 9606.ENSP00000263377","false","pp","9606.ENSP00000256474 (pp) 9606.ENSP00000263377","0.049",,,"0.926",,,"0.939","0.203"
"pp","9606.ENSP00000256474 (pp) 9606.ENSP00000346839","false","pp","9606.ENSP00000256474 (pp) 9606.ENSP00000346839",,,,"0.834",,,"0.927","0.579"
"pp","9606.ENSP00000261769 (pp) 9606.ENSP00000264012","false","pp","9606.ENSP00000261769 (pp) 9606.ENSP00000264012","0.255","0.061","0.54","0.292",,,"0.967","0.879"
"pp","9606.ENSP00000261769 (pp) 9606.ENSP00000495360","false","pp","9606.ENSP00000261769 (pp) 9606.ENSP00000495360","0.063",,"0.9","0.999",,,"0.999","0.999"
"pp","9606.ENSP00000261769 (pp) 9606.ENSP00000304669","false","pp","9606.ENSP00000261769 (pp) 9606.ENSP00000304669","0.05",,"0.9","0.858",,,"0.999","0.979"
"pp","9606.ENSP00000261769 (pp) 9606.ENSP00000361021","false","pp","9606.ENSP00000261769 (pp) 9606.ENSP00000361021","0.053",,,,,,"0.93","0.93"
"pp","9606.ENSP00000261769 (pp) 9606.ENSP00000353475","false","pp","9606.ENSP00000261769 (pp) 9606.ENSP00000353475","0.374",,,,,,"0.923","0.883"
"pp","9606.ENSP00000261769 (pp) 9606.ENSP00000275493","false","pp","9606.ENSP00000261769 (pp) 9606.ENSP00000275493","0.055",,,"0.816",,,"0.999","0.995"
"pp","9606.ENSP00000261769 (pp) 9606.ENSP00000362680","false","pp","9606.ENSP00000261769 (pp) 9606.ENSP00000362680","0.042",,,"0.752",,,"0.988","0.955"
"pp","9606.ENSP00000261769 (pp) 9606.ENSP00000269141","false","pp","9606.ENSP00000261769 (pp) 9606.ENSP00000269141",,"0.055","0.72",,,,"0.995","0.983"
"pp","9606.ENSP00000261769 (pp) 9606.ENSP00000317272","false","pp","9606.ENSP00000261769 (pp) 9606.ENSP00000317272","0.05",,,"0.311",,,"0.959","0.944"
"pp","9606.ENSP00000262643 (pp) 9606.ENSP00000478887","false","pp","9606.ENSP00000262643 (pp) 9606.ENSP00000478887","0.089",,"0.5","0.185",,,"0.908","0.784"
"pp","9606.ENSP00000262643 (pp) 9606.ENSP00000384849","false","pp","9606.ENSP00000262643 (pp) 9606.ENSP00000384849","0.105",,"0.9","0.997",,,"0.999","0.889"
"pp","9606.ENSP00000262643 (pp) 9606.ENSP00000269305","false","pp","9606.ENSP00000262643 (pp) 9606.ENSP00000269305",,,"0.4",,,,"0.926","0.883"
"pp","9606.ENSP00000262643 (pp) 9606.ENSP00000267163","false","pp","9606.ENSP00000262643 (pp) 9606.ENSP00000267163","0.189",,"0.9","0.863",,,"0.994","0.584"
"pp","9606.ENSP00000262643 (pp) 9606.ENSP00000378699","false","pp","9606.ENSP00000262643 (pp) 9606.ENSP00000378699","0.194",,,"0.813",,,"0.972","0.835"
"pp","9606.ENSP00000262643 (pp) 9606.ENSP00000429089","false","pp","9606.ENSP00000262643 (pp) 9606.ENSP00000429089","0.148","0.076","0.9",,,,"0.956","0.518"
"pp","9606.ENSP00000262887 (pp) 9606.ENSP00000375978","false","pp","9606.ENSP00000262887 (pp) 9606.ENSP00000375978","0.067",,"0.36",,,,"0.92","0.877"
"pp","9606.ENSP00000262887 (pp) 9606.ENSP00000325863","false","pp","9606.ENSP00000262887 (pp) 9606.ENSP00000325863","0.075",,"0.5","0.292",,,"0.902","0.737"
"pp","9606.ENSP00000262887 (pp) 9606.ENSP00000355759","false","pp","9606.ENSP00000262887 (pp) 9606.ENSP00000355759","0.095",,,"0.867",,,"0.999","0.996"
"pp","9606.ENSP00000262887 (pp) 9606.ENSP00000371475","false","pp","9606.ENSP00000262887 (pp) 9606.ENSP00000371475","0.067",,"0.36","0.439",,,"0.907","0.756"
"pp","9606.ENSP00000263026 (pp) 9606.ENSP00000408695","false","pp","9606.ENSP00000263026 (pp) 9606.ENSP00000408695","0.055",,"0.9",,,,"0.928","0.299"
"pp","9606.ENSP00000263026 (pp) 9606.ENSP00000307940","false","pp","9606.ENSP00000263026 (pp) 9606.ENSP00000307940","0.12",,"0.9","0.292",,,"0.999","0.986"
"pp","9606.ENSP00000263026 (pp) 9606.ENSP00000496129","false","pp","9606.ENSP00000263026 (pp) 9606.ENSP00000496129","0.055",,"0.9",,,,"0.914","0.169"
"pp","9606.ENSP00000263026 (pp) 9606.ENSP00000346148","false","pp","9606.ENSP00000263026 (pp) 9606.ENSP00000346148",,,"0.9",,,,"0.914","0.179"
"pp","9606.ENSP00000263377 (pp) 9606.ENSP00000339527","false","pp","9606.ENSP00000263377 (pp) 9606.ENSP00000339527","0.2",,,"0.9",,,"0.96","0.551"
"pp","9606.ENSP00000263377 (pp) 9606.ENSP00000269305","false","pp","9606.ENSP00000263377 (pp) 9606.ENSP00000269305","0.049",,,"0.735",,,"0.99","0.967"
"pp","9606.ENSP00000263377 (pp) 9606.ENSP00000363822","false","pp","9606.ENSP00000263377 (pp) 9606.ENSP00000363822",,,,"0.586",,,"0.969","0.929"
"pp","9606.ENSP00000263377 (pp) 9606.ENSP00000478887","false","pp","9606.ENSP00000263377 (pp) 9606.ENSP00000478887","0.048",,,"0.689",,,"0.941","0.817"
"pp","9606.ENSP00000263923 (pp) 9606.ENSP00000495360","false","pp","9606.ENSP00000263923 (pp) 9606.ENSP00000495360","0.095",,"0.8",,,,"0.996","0.981"
"pp","9606.ENSP00000263923 (pp) 9606.ENSP00000362680","false","pp","9606.ENSP00000263923 (pp) 9606.ENSP00000362680","0.059",,"0.9","0.796",,,"0.998","0.938"
"pp","9606.ENSP00000263923 (pp) 9606.ENSP00000401303","false","pp","9606.ENSP00000263923 (pp) 9606.ENSP00000401303","0.058",,"0.9","0.672",,,"0.995","0.861"
"pp","9606.ENSP00000263923 (pp) 9606.ENSP00000263967","false","pp","9606.ENSP00000263923 (pp) 9606.ENSP00000263967",,,"0.9","0.098",,,"0.975","0.754"
"pp","9606.ENSP00000263967 (pp) 9606.ENSP00000331602","false","pp","9606.ENSP00000263967 (pp) 9606.ENSP00000331602","0.063",,"0.9",,,,"0.918","0.205"
"pp","9606.ENSP00000263923 (pp) 9606.ENSP00000457421","false","pp","9606.ENSP00000263923 (pp) 9606.ENSP00000457421","0.128",,"0.8","0.045",,,"0.999","0.999"
"pp","9606.ENSP00000263923 (pp) 9606.ENSP00000339191","false","pp","9606.ENSP00000263923 (pp) 9606.ENSP00000339191","0.072",,,"0.301",,,"0.962","0.947"
"pp","9606.ENSP00000263967 (pp) 9606.ENSP00000401888","false","pp","9606.ENSP00000263967 (pp) 9606.ENSP00000401888","0.067",,"0.9","0.069",,,"0.972","0.719"
"pp","9606.ENSP00000263967 (pp) 9606.ENSP00000267101","false","pp","9606.ENSP00000263967 (pp) 9606.ENSP00000267101",,,"0.9","0.597",,,"0.993","0.856"
"pp","9606.ENSP00000263967 (pp) 9606.ENSP00000320485","false","pp","9606.ENSP00000263967 (pp) 9606.ENSP00000320485","0.067",,,,,,"0.913","0.911"
"pp","9606.ENSP00000263967 (pp) 9606.ENSP00000362680","false","pp","9606.ENSP00000263967 (pp) 9606.ENSP00000362680","0.05",,"0.9","0.069",,,"0.984","0.847"
"pp","9606.ENSP00000263967 (pp) 9606.ENSP00000354952","false","pp","9606.ENSP00000263967 (pp) 9606.ENSP00000354952","0.05",,"0.9",,,,"0.927","0.301"
"pp","9606.ENSP00000263967 (pp) 9606.ENSP00000405330","false","pp","9606.ENSP00000263967 (pp) 9606.ENSP00000405330",,,"0.4","0.51",,,"0.941","0.817"
"pp","9606.ENSP00000263967 (pp) 9606.ENSP00000317272","false","pp","9606.ENSP00000263967 (pp) 9606.ENSP00000317272","0.042",,"0.9","0.069",,,"0.961","0.618"
"pp","9606.ENSP00000263967 (pp) 9606.ENSP00000364898","false","pp","9606.ENSP00000263967 (pp) 9606.ENSP00000364898",,,"0.9","0.069",,,"0.935","0.365"
"pp","9606.ENSP00000263967 (pp) 9606.ENSP00000325120","false","pp","9606.ENSP00000263967 (pp) 9606.ENSP00000325120","0.06",,"0.9",,,,"0.961","0.627"
"pp","9606.ENSP00000263967 (pp) 9606.ENSP00000269305","false","pp","9606.ENSP00000263967 (pp) 9606.ENSP00000269305",,,,"0.292",,,"0.941","0.92"
"pp","9606.ENSP00000263967 (pp) 9606.ENSP00000361009","false","pp","9606.ENSP00000263967 (pp) 9606.ENSP00000361009","0.074",,"0.9",,,,"0.925","0.263"
"pp","9606.ENSP00000263967 (pp) 9606.ENSP00000296585","false","pp","9606.ENSP00000263967 (pp) 9606.ENSP00000296585",,,"0.9",,,,"0.913","0.167"
"pp","9606.ENSP00000263967 (pp) 9606.ENSP00000361021","false","pp","9606.ENSP00000263967 (pp) 9606.ENSP00000361021","0.113",,"0.9","0.134",,,"0.995","0.949"
"pp","9606.ENSP00000263967 (pp) 9606.ENSP00000275493","false","pp","9606.ENSP00000263967 (pp) 9606.ENSP00000275493",,,"0.9","0.79",,,"0.999","0.977"
"pp","9606.ENSP00000263967 (pp) 9606.ENSP00000358548","false","pp","9606.ENSP00000263967 (pp) 9606.ENSP00000358548","0.125",,"0.9","0.483",,,"0.995","0.921"
"pp","9606.ENSP00000263967 (pp) 9606.ENSP00000304895","false","pp","9606.ENSP00000263967 (pp) 9606.ENSP00000304895","0.07",,"0.9","0.849",,,"0.999","0.952"
"pp","9606.ENSP00000263967 (pp) 9606.ENSP00000354558","false","pp","9606.ENSP00000263967 (pp) 9606.ENSP00000354558","0.06",,"0.9","0.166",,,"0.963","0.592"
"pp","9606.ENSP00000263967 (pp) 9606.ENSP00000288135","false","pp","9606.ENSP00000263967 (pp) 9606.ENSP00000288135","0.106",,"0.9","0.326",,,"0.986","0.81"
"pp","9606.ENSP00000263967 (pp) 9606.ENSP00000419060","false","pp","9606.ENSP00000263967 (pp) 9606.ENSP00000419060","0.128",,,"0.19",,,"0.947","0.931"
"pp","9606.ENSP00000264012 (pp) 9606.ENSP00000304669","false","pp","9606.ENSP00000264012 (pp) 9606.ENSP00000304669",,,"0.54","0.547",,,"0.93","0.692"
"pp","9606.ENSP00000263967 (pp) 9606.ENSP00000495360","false","pp","9606.ENSP00000263967 (pp) 9606.ENSP00000495360","0.049",,,"0.13",,,"0.901","0.89"
"pp","9606.ENSP00000264012 (pp) 9606.ENSP00000495360","false","pp","9606.ENSP00000264012 (pp) 9606.ENSP00000495360","0.063",,"0.54","0.828",,,"0.995","0.947"
"pp","9606.ENSP00000264335 (pp) 9606.ENSP00000269305","false","pp","9606.ENSP00000264335 (pp) 9606.ENSP00000269305","0.246",,"0.5","0.453",,,"0.9","0.574"
"pp","9606.ENSP00000264335 (pp) 9606.ENSP00000379287","false","pp","9606.ENSP00000264335 (pp) 9606.ENSP00000379287","0.269","0.052","0.5","0.877",,,"0.998","0.968"
"pp","9606.ENSP00000264335 (pp) 9606.ENSP00000478927","false","pp","9606.ENSP00000264335 (pp) 9606.ENSP00000478927","0.059",,"0.9","0.735",,,"0.977","0.206"
"pp","9606.ENSP00000264335 (pp) 9606.ENSP00000401888","false","pp","9606.ENSP00000264335 (pp) 9606.ENSP00000401888","0.075",,"0.9","0.891",,,"0.991","0.214"
"pp","9606.ENSP00000264335 (pp) 9606.ENSP00000304669","false","pp","9606.ENSP00000264335 (pp) 9606.ENSP00000304669","0.049",,"0.9",,,,"0.912","0.152"
"pp","9606.ENSP00000264335 (pp) 9606.ENSP00000419465","false","pp","9606.ENSP00000264335 (pp) 9606.ENSP00000419465","0.06",,"0.9","0.83",,,"0.985","0.197"
"pp","9606.ENSP00000264335 (pp) 9606.ENSP00000339527","false","pp","9606.ENSP00000264335 (pp) 9606.ENSP00000339527","0.042",,"0.9","0.583",,,"0.978","0.536"
"pp","9606.ENSP00000264335 (pp) 9606.ENSP00000378040","false","pp","9606.ENSP00000264335 (pp) 9606.ENSP00000378040",,,"0.9","0.791",,,"0.98","0.156"
"pp","9606.ENSP00000264335 (pp) 9606.ENSP00000419060","false","pp","9606.ENSP00000264335 (pp) 9606.ENSP00000419060","0.067",,"0.9","0.896",,,"0.994","0.53"
"pp","9606.ENSP00000264657 (pp) 9606.ENSP00000477713","false","pp","9606.ENSP00000264657 (pp) 9606.ENSP00000477713","0.057",,"0.5","0.629",,,"0.959","0.798"
"pp","9606.ENSP00000264335 (pp) 9606.ENSP00000290277","false","pp","9606.ENSP00000264335 (pp) 9606.ENSP00000290277","0.073",,"0.9","0.673",,,"0.968","0.089"
"pp","9606.ENSP00000264657 (pp) 9606.ENSP00000354558","false","pp","9606.ENSP00000264657 (pp) 9606.ENSP00000354558","0.049",,,"0.735",,,"0.926","0.731"
"pp","9606.ENSP00000264657 (pp) 9606.ENSP00000275493","false","pp","9606.ENSP00000264657 (pp) 9606.ENSP00000275493","0.042",,,"0.925",,,"0.998","0.986"
"pp","9606.ENSP00000264657 (pp) 9606.ENSP00000410452","false","pp","9606.ENSP00000264657 (pp) 9606.ENSP00000410452","0.057",,,"0.295",,,"0.954","0.937"
"pp","9606.ENSP00000264657 (pp) 9606.ENSP00000288135","false","pp","9606.ENSP00000264657 (pp) 9606.ENSP00000288135","0.055",,"0.9","0.079",,,"0.96","0.603"
"pp","9606.ENSP00000264657 (pp) 9606.ENSP00000339527","false","pp","9606.ENSP00000264657 (pp) 9606.ENSP00000339527","0.082",,"0.9",,,,"0.978","0.787"
"pp","9606.ENSP00000264657 (pp) 9606.ENSP00000378974","false","pp","9606.ENSP00000264657 (pp) 9606.ENSP00000378974","0.044",,,"0.625",,,"0.9","0.746"
"pp","9606.ENSP00000264657 (pp) 9606.ENSP00000363822","false","pp","9606.ENSP00000264657 (pp) 9606.ENSP00000363822","0.048",,,"0.627",,,"0.907","0.761"
"pp","9606.ENSP00000264657 (pp) 9606.ENSP00000267101","false","pp","9606.ENSP00000264657 (pp) 9606.ENSP00000267101","0.044",,,"0.071",,,"0.905","0.902"
"pp","9606.ENSP00000264657 (pp) 9606.ENSP00000365230","false","pp","9606.ENSP00000264657 (pp) 9606.ENSP00000365230","0.055",,"0.75","0.095",,,"0.949","0.79"
"pp","9606.ENSP00000264657 (pp) 9606.ENSP00000384849","false","pp","9606.ENSP00000264657 (pp) 9606.ENSP00000384849","0.125",,"0.5","0.828",,,"0.984","0.815"
"pp","9606.ENSP00000264657 (pp) 9606.ENSP00000364898","false","pp","9606.ENSP00000264657 (pp) 9606.ENSP00000364898","0.069",,"0.5","0.796",,,"0.98","0.816"
"pp","9606.ENSP00000264657 (pp) 9606.ENSP00000405330","false","pp","9606.ENSP00000264657 (pp) 9606.ENSP00000405330","0.042",,,"0.476",,,"0.93","0.873"
"pp","9606.ENSP00000264657 (pp) 9606.ENSP00000317272","false","pp","9606.ENSP00000264657 (pp) 9606.ENSP00000317272","0.063",,"0.5","0.333",,,"0.981","0.948"
"pp","9606.ENSP00000264657 (pp) 9606.ENSP00000381185","false","pp","9606.ENSP00000264657 (pp) 9606.ENSP00000381185",,,"0.75","0.056",,,"0.959","0.84"
"pp","9606.ENSP00000264657 (pp) 9606.ENSP00000478887","false","pp","9606.ENSP00000264657 (pp) 9606.ENSP00000478887","0.067",,"0.75","0.612",,,"0.985","0.86"
"pp","9606.ENSP00000264657 (pp) 9606.ENSP00000346839","false","pp","9606.ENSP00000264657 (pp) 9606.ENSP00000346839",,,"0.5","0.9",,,"0.988","0.796"
"pp","9606.ENSP00000264657 (pp) 9606.ENSP00000341208","false","pp","9606.ENSP00000264657 (pp) 9606.ENSP00000341208","0.181",,"0.9",,,,"0.997","0.974"
"pp","9606.ENSP00000264657 (pp) 9606.ENSP00000332973","false","pp","9606.ENSP00000264657 (pp) 9606.ENSP00000332973","0.062",,,"0.292",,,"0.909","0.875"
"pp","9606.ENSP00000264657 (pp) 9606.ENSP00000362680","false","pp","9606.ENSP00000264657 (pp) 9606.ENSP00000362680","0.092",,"0.9","0.842",,,"0.999","0.996"
"pp","9606.ENSP00000264657 (pp) 9606.ENSP00000269305","false","pp","9606.ENSP00000264657 (pp) 9606.ENSP00000269305","0.064",,"0.8","0.164",,,"0.994","0.97"
"pp","9606.ENSP00000264657 (pp) 9606.ENSP00000360266","false","pp","9606.ENSP00000264657 (pp) 9606.ENSP00000360266","0.062",,,"0.329",,,"0.995","0.994"
"pp","9606.ENSP00000267101 (pp) 9606.ENSP00000317272","false","pp","9606.ENSP00000267101 (pp) 9606.ENSP00000317272","0.109",,"0.9","0.536",,,"0.987","0.736"
"pp","9606.ENSP00000267101 (pp) 9606.ENSP00000401303","false","pp","9606.ENSP00000267101 (pp) 9606.ENSP00000401303",,,"0.9","0.907",,,"0.999","0.976"
"pp","9606.ENSP00000267101 (pp) 9606.ENSP00000275493","false","pp","9606.ENSP00000267101 (pp) 9606.ENSP00000275493","0.042","0.061","0.8","0.986",,,"0.999","0.984"
"pp","9606.ENSP00000267101 (pp) 9606.ENSP00000362680","false","pp","9606.ENSP00000267101 (pp) 9606.ENSP00000362680","0.044",,"0.9","0.389",,,"0.968","0.525"
"pp","9606.ENSP00000267101 (pp) 9606.ENSP00000287842","false","pp","9606.ENSP00000267101 (pp) 9606.ENSP00000287842",,,"0.9","0.993",,,"0.999","0.999"
"pp","9606.ENSP00000267163 (pp) 9606.ENSP00000371475","false","pp","9606.ENSP00000267163 (pp) 9606.ENSP00000371475","0.119",,,"0.9",,,"0.928","0.256"
"pp","9606.ENSP00000267163 (pp) 9606.ENSP00000429089","false","pp","9606.ENSP00000267163 (pp) 9606.ENSP00000429089","0.196",,"0.9","0.142",,,"0.957","0.461"
"pp","9606.ENSP00000267163 (pp) 9606.ENSP00000378699","false","pp","9606.ENSP00000267163 (pp) 9606.ENSP00000378699","0.09",,"0.9","0.853",,,"0.995","0.731"
"pp","9606.ENSP00000267257 (pp) 9606.ENSP00000362680","false","pp","9606.ENSP00000267257 (pp) 9606.ENSP00000362680","0.07",,"0.9","0.524",,,"0.999","0.998"
"pp","9606.ENSP00000267163 (pp) 9606.ENSP00000269305","false","pp","9606.ENSP00000267163 (pp) 9606.ENSP00000269305","0.064",,,"0.51",,,"0.936","0.873"
"pp","9606.ENSP00000267257 (pp) 9606.ENSP00000346839","false","pp","9606.ENSP00000267257 (pp) 9606.ENSP00000346839",,,,"0.201",,,"0.981","0.978"
"pp","9606.ENSP00000269141 (pp) 9606.ENSP00000304669","false","pp","9606.ENSP00000269141 (pp) 9606.ENSP00000304669",,,"0.72","0.836",,,"0.99","0.801"
"pp","9606.ENSP00000267257 (pp) 9606.ENSP00000495360","false","pp","9606.ENSP00000267257 (pp) 9606.ENSP00000495360","0.058",,,"0.359",,,"0.985","0.978"
"pp","9606.ENSP00000269141 (pp) 9606.ENSP00000495360","false","pp","9606.ENSP00000269141 (pp) 9606.ENSP00000495360","0.061",,"0.72","0.943",,,"0.999","0.999"
"pp","9606.ENSP00000269305 (pp) 9606.ENSP00000360266","false","pp","9606.ENSP00000269305 (pp) 9606.ENSP00000360266",,,"0.5","0.324",,,"0.997","0.992"
"pp","9606.ENSP00000269305 (pp) 9606.ENSP00000374455","false","pp","9606.ENSP00000269305 (pp) 9606.ENSP00000374455",,,,"0.776",,,"0.901","0.579"
"pp","9606.ENSP00000269305 (pp) 9606.ENSP00000361626","false","pp","9606.ENSP00000269305 (pp) 9606.ENSP00000361626",,,,"0.743",,,"0.922","0.711"
"pp","9606.ENSP00000269305 (pp) 9606.ENSP00000325863","false","pp","9606.ENSP00000269305 (pp) 9606.ENSP00000325863",,,"0.5","0.621",,,"0.905","0.541"
"pp","9606.ENSP00000269305 (pp) 9606.ENSP00000369497","false","pp","9606.ENSP00000269305 (pp) 9606.ENSP00000369497","0.066",,,"0.828",,,"0.995","0.975"
"pp","9606.ENSP00000269305 (pp) 9606.ENSP00000351273","false","pp","9606.ENSP00000269305 (pp) 9606.ENSP00000351273","0.087",,"0.9","0.292",,,"0.991","0.88"
"pp","9606.ENSP00000269305 (pp) 9606.ENSP00000368458","false","pp","9606.ENSP00000269305 (pp) 9606.ENSP00000368458","0.067",,"0.5","0.777",,,"0.913","0.265"
"pp","9606.ENSP00000269305 (pp) 9606.ENSP00000332973","false","pp","9606.ENSP00000269305 (pp) 9606.ENSP00000332973","0.094",,,"0.469",,,"0.963","0.929"
"pp","9606.ENSP00000269305 (pp) 9606.ENSP00000379287","false","pp","9606.ENSP00000269305 (pp) 9606.ENSP00000379287","0.042",,"0.5","0.695",,,"0.991","0.947"
"pp","9606.ENSP00000269305 (pp) 9606.ENSP00000377192","false","pp","9606.ENSP00000269305 (pp) 9606.ENSP00000377192","0.049",,"0.9",,,,"0.986","0.868"
"pp","9606.ENSP00000269305 (pp) 9606.ENSP00000278616","false","pp","9606.ENSP00000269305 (pp) 9606.ENSP00000278616","0.103",,"0.9","0.929",,,"0.999","0.975"
"pp","9606.ENSP00000269305 (pp) 9606.ENSP00000355231","false","pp","9606.ENSP00000269305 (pp) 9606.ENSP00000355231",,,,"0.292",,,"0.939","0.918"
"pp","9606.ENSP00000269305 (pp) 9606.ENSP00000391090","false","pp","9606.ENSP00000269305 (pp) 9606.ENSP00000391090","0.074",,"0.9","0.783",,,"0.997","0.906"
"pp","9606.ENSP00000269305 (pp) 9606.ENSP00000355759","false","pp","9606.ENSP00000269305 (pp) 9606.ENSP00000355759","0.067",,,"0.794",,,"0.972","0.87"
"pp","9606.ENSP00000269305 (pp) 9606.ENSP00000365230","false","pp","9606.ENSP00000269305 (pp) 9606.ENSP00000365230","0.075",,,"0.987",,,"0.999","0.998"
"pp","9606.ENSP00000269305 (pp) 9606.ENSP00000376436","false","pp","9606.ENSP00000269305 (pp) 9606.ENSP00000376436","0.107",,,"0.625",,,"0.972","0.925"
"pp","9606.ENSP00000269305 (pp) 9606.ENSP00000478887","false","pp","9606.ENSP00000269305 (pp) 9606.ENSP00000478887","0.067",,,"0.3",,,"0.997","0.997"
"pp","9606.ENSP00000269305 (pp) 9606.ENSP00000372023","false","pp","9606.ENSP00000269305 (pp) 9606.ENSP00000372023","0.072",,"0.75","0.833",,,"0.999","0.992"
"pp","9606.ENSP00000269305 (pp) 9606.ENSP00000381185","false","pp","9606.ENSP00000269305 (pp) 9606.ENSP00000381185","0.103",,"0.9","0.87",,,"0.999","0.999"
"pp","9606.ENSP00000269305 (pp) 9606.ENSP00000384849","false","pp","9606.ENSP00000269305 (pp) 9606.ENSP00000384849",,,"0.9","0.926",,,"0.999","0.961"
"pp","9606.ENSP00000269305 (pp) 9606.ENSP00000363822","false","pp","9606.ENSP00000269305 (pp) 9606.ENSP00000363822",,,,"0.439",,,"0.905","0.839"
"pp","9606.ENSP00000269305 (pp) 9606.ENSP00000405330","false","pp","9606.ENSP00000269305 (pp) 9606.ENSP00000405330",,,,"0.735",,,"0.992","0.974"
"pp","9606.ENSP00000269305 (pp) 9606.ENSP00000293288","false","pp","9606.ENSP00000269305 (pp) 9606.ENSP00000293288","0.081",,"0.9","0.782",,,"0.994","0.775"
"pp","9606.ENSP00000269305 (pp) 9606.ENSP00000350512","false","pp","9606.ENSP00000269305 (pp) 9606.ENSP00000350512",,,,"0.82",,,"0.977","0.878"
"pp","9606.ENSP00000269305 (pp) 9606.ENSP00000320485","false","pp","9606.ENSP00000269305 (pp) 9606.ENSP00000320485","0.067",,,"0.292",,,"0.961","0.946"
"pp","9606.ENSP00000269305 (pp) 9606.ENSP00000324856","false","pp","9606.ENSP00000269305 (pp) 9606.ENSP00000324856","0.071",,"0.5","0.621",,,"0.97","0.853"
"pp","9606.ENSP00000269305 (pp) 9606.ENSP00000378974","false","pp","9606.ENSP00000269305 (pp) 9606.ENSP00000378974","0.086",,"0.9","0.845",,,"0.997","0.861"
"pp","9606.ENSP00000378974 (pp) 9606.ENSP00000394560","false","pp","9606.ENSP00000378974 (pp) 9606.ENSP00000394560","0.082","0.05","0.9","0.994",,,"0.999","0.55"
"pp","9606.ENSP00000269305 (pp) 9606.ENSP00000495360","false","pp","9606.ENSP00000269305 (pp) 9606.ENSP00000495360","0.049",,,,,,"0.927","0.927"
"pp","9606.ENSP00000269305 (pp) 9606.ENSP00000371475","false","pp","9606.ENSP00000269305 (pp) 9606.ENSP00000371475",,,,"0.993",,,"0.999","0.997"
"pp","9606.ENSP00000269305 (pp) 9606.ENSP00000361021","false","pp","9606.ENSP00000269305 (pp) 9606.ENSP00000361021","0.067",,"0.9","0.749",,,"0.999","0.969"
"pp","9606.ENSP00000269305 (pp) 9606.ENSP00000363591","false","pp","9606.ENSP00000269305 (pp) 9606.ENSP00000363591","0.054",,"0.9","0.791",,,"0.997","0.867"
"pp","9606.ENSP00000269305 (pp) 9606.ENSP00000339527","false","pp","9606.ENSP00000269305 (pp) 9606.ENSP00000339527",,,,"0.776",,,"0.998","0.992"
"pp","9606.ENSP00000269305 (pp) 9606.ENSP00000394560","false","pp","9606.ENSP00000269305 (pp) 9606.ENSP00000394560","0.08",,"0.9","0.641",,,"0.982","0.528"
"pp","9606.ENSP00000269305 (pp) 9606.ENSP00000378699","false","pp","9606.ENSP00000269305 (pp) 9606.ENSP00000378699","0.095",,,"0.627",,,"0.962","0.899"
"pp","9606.ENSP00000269305 (pp) 9606.ENSP00000275493","false","pp","9606.ENSP00000269305 (pp) 9606.ENSP00000275493",,,,"0.329",,,"0.943","0.919"
"pp","9606.ENSP00000269305 (pp) 9606.ENSP00000493712","false","pp","9606.ENSP00000269305 (pp) 9606.ENSP00000493712","0.136",,,"0.885",,,"0.999","0.995"
"pp","9606.ENSP00000275493 (pp) 9606.ENSP00000287842","false","pp","9606.ENSP00000275493 (pp) 9606.ENSP00000287842","0.074",,"0.9","0.79",,,"0.999","0.997"
"pp","9606.ENSP00000275493 (pp) 9606.ENSP00000304895","false","pp","9606.ENSP00000275493 (pp) 9606.ENSP00000304895","0.097",,"0.65","0.24",,,"0.939","0.776"
"pp","9606.ENSP00000275493 (pp) 9606.ENSP00000358548","false","pp","9606.ENSP00000275493 (pp) 9606.ENSP00000358548","0.054",,"0.9","0.249",,,"0.991","0.9"
"pp","9606.ENSP00000275493 (pp) 9606.ENSP00000361021","false","pp","9606.ENSP00000275493 (pp) 9606.ENSP00000361021",,,,"0.608",,,"0.969","0.926"
"pp","9606.ENSP00000275493 (pp) 9606.ENSP00000366702","false","pp","9606.ENSP00000275493 (pp) 9606.ENSP00000366702","0.182",,,"0.988",,,"0.996","0.669"
"pp","9606.ENSP00000275493 (pp) 9606.ENSP00000408695","false","pp","9606.ENSP00000275493 (pp) 9606.ENSP00000408695","0.049",,,"0.788",,,"0.932","0.693"
"pp","9606.ENSP00000275493 (pp) 9606.ENSP00000495360","false","pp","9606.ENSP00000275493 (pp) 9606.ENSP00000495360","0.064",,"0.9","0.718",,,"0.998","0.94"
"pp","9606.ENSP00000275493 (pp) 9606.ENSP00000405330","false","pp","9606.ENSP00000275493 (pp) 9606.ENSP00000405330",,,,"0.583",,,"0.988","0.974"
"pp","9606.ENSP00000275493 (pp) 9606.ENSP00000317272","false","pp","9606.ENSP00000275493 (pp) 9606.ENSP00000317272","0.251",,,"0.807",,,"0.996","0.979"
"pp","9606.ENSP00000275493 (pp) 9606.ENSP00000401303","false","pp","9606.ENSP00000275493 (pp) 9606.ENSP00000401303","0.067",,"0.9","0.996",,,"0.999","0.994"
"pp","9606.ENSP00000275493 (pp) 9606.ENSP00000354952","false","pp","9606.ENSP00000275493 (pp) 9606.ENSP00000354952",,,"0.9","0.625",,,"0.984","0.621"
"pp","9606.ENSP00000275493 (pp) 9606.ENSP00000339191","false","pp","9606.ENSP00000275493 (pp) 9606.ENSP00000339191","0.206",,"0.8","0.882",,,"0.999","0.987"
"pp","9606.ENSP00000275493 (pp) 9606.ENSP00000341208","false","pp","9606.ENSP00000275493 (pp) 9606.ENSP00000341208",,,"0.9","0.836",,,"0.998","0.933"
"pp","9606.ENSP00000275493 (pp) 9606.ENSP00000379287","false","pp","9606.ENSP00000275493 (pp) 9606.ENSP00000379287","0.049",,,"0.825",,,"0.925","0.588"
"pp","9606.ENSP00000275493 (pp) 9606.ENSP00000380070","false","pp","9606.ENSP00000275493 (pp) 9606.ENSP00000380070","0.061",,,"0.779",,,"0.955","0.803"
"pp","9606.ENSP00000275493 (pp) 9606.ENSP00000346839","false","pp","9606.ENSP00000275493 (pp) 9606.ENSP00000346839","0.138",,,"0.292",,,"0.944","0.916"
"pp","9606.ENSP00000275493 (pp) 9606.ENSP00000362680","false","pp","9606.ENSP00000275493 (pp) 9606.ENSP00000362680","0.042",,"0.9","0.929",,,"0.999","0.988"
"pp","9606.ENSP00000275493 (pp) 9606.ENSP00000361626","false","pp","9606.ENSP00000275493 (pp) 9606.ENSP00000361626","0.044",,,"0.1",,,"0.913","0.907"
"pp","9606.ENSP00000278616 (pp) 9606.ENSP00000372023","false","pp","9606.ENSP00000278616 (pp) 9606.ENSP00000372023","0.044",,"0.5","0.836",,,"0.999","0.999"
"pp","9606.ENSP00000278616 (pp) 9606.ENSP00000391090","false","pp","9606.ENSP00000278616 (pp) 9606.ENSP00000391090","0.05",,"0.9","0.449",,,"0.998","0.975"
"pp","9606.ENSP00000278616 (pp) 9606.ENSP00000351273","false","pp","9606.ENSP00000278616 (pp) 9606.ENSP00000351273","0.197",,"0.9",,,,"0.961","0.56"
"pp","9606.ENSP00000278616 (pp) 9606.ENSP00000369497","false","pp","9606.ENSP00000278616 (pp) 9606.ENSP00000369497","0.048",,"0.8","0.313",,,"0.995","0.972"
"pp","9606.ENSP00000278616 (pp) 9606.ENSP00000325863","false","pp","9606.ENSP00000278616 (pp) 9606.ENSP00000325863","0.237",,"0.9","0.907",,,"0.999","0.941"
"pp","9606.ENSP00000278616 (pp) 9606.ENSP00000375978","false","pp","9606.ENSP00000278616 (pp) 9606.ENSP00000375978","0.06",,"0.9","0.587",,,"0.998","0.964"
"pp","9606.ENSP00000278616 (pp) 9606.ENSP00000374455","false","pp","9606.ENSP00000278616 (pp) 9606.ENSP00000374455",,,"0.9",,,,"0.933","0.358"
"pp","9606.ENSP00000278616 (pp) 9606.ENSP00000493712","false","pp","9606.ENSP00000278616 (pp) 9606.ENSP00000493712",,,"0.8","0.485",,,"0.995","0.958"
"pp","9606.ENSP00000278616 (pp) 9606.ENSP00000371475","false","pp","9606.ENSP00000278616 (pp) 9606.ENSP00000371475","0.042",,"0.5","0.874",,,"0.999","0.996"
"pp","9606.ENSP00000280154 (pp) 9606.ENSP00000416255","false","pp","9606.ENSP00000280154 (pp) 9606.ENSP00000416255","0.052",,,"0.297",,,"0.974","0.965"
"pp","9606.ENSP00000288135 (pp) 9606.ENSP00000341208","false","pp","9606.ENSP00000288135 (pp) 9606.ENSP00000341208","0.076",,"0.9","0.079",,,"0.959","0.583"
"pp","9606.ENSP00000288135 (pp) 9606.ENSP00000401303","false","pp","9606.ENSP00000288135 (pp) 9606.ENSP00000401303","0.076",,"0.9","0.209",,,"0.967","0.604"
"pp","9606.ENSP00000288135 (pp) 9606.ENSP00000354952","false","pp","9606.ENSP00000288135 (pp) 9606.ENSP00000354952","0.059",,"0.9",,,,"0.932","0.336"
"pp","9606.ENSP00000288135 (pp) 9606.ENSP00000358548","false","pp","9606.ENSP00000288135 (pp) 9606.ENSP00000358548","0.055",,"0.9","0.071",,,"0.981","0.813"
"pp","9606.ENSP00000288135 (pp) 9606.ENSP00000408695","false","pp","9606.ENSP00000288135 (pp) 9606.ENSP00000408695","0.056",,"0.9",,,,"0.912","0.147"
"pp","9606.ENSP00000290277 (pp) 9606.ENSP00000401888","false","pp","9606.ENSP00000290277 (pp) 9606.ENSP00000401888","0.064","0.06","0.9","0.786",,,"0.995","0.803"
"pp","9606.ENSP00000290277 (pp) 9606.ENSP00000379287","false","pp","9606.ENSP00000290277 (pp) 9606.ENSP00000379287","0.068",,"0.9","0.893",,,"0.993","0.422"
"pp","9606.ENSP00000290277 (pp) 9606.ENSP00000496129","false","pp","9606.ENSP00000290277 (pp) 9606.ENSP00000496129","0.042",,"0.9","0.05",,,"0.904","0.076"
"pp","9606.ENSP00000290277 (pp) 9606.ENSP00000408695","false","pp","9606.ENSP00000290277 (pp) 9606.ENSP00000408695","0.044",,"0.9","0.05",,,"0.904","0.077"
"pp","9606.ENSP00000290277 (pp) 9606.ENSP00000302486","false","pp","9606.ENSP00000290277 (pp) 9606.ENSP00000302486","0.109",,"0.9","0.911",,,"0.994","0.373"
"pp","9606.ENSP00000290277 (pp) 9606.ENSP00000419060","false","pp","9606.ENSP00000290277 (pp) 9606.ENSP00000419060",,"0.063","0.9","0.881",,,"0.998","0.861"
"pp","9606.ENSP00000290277 (pp) 9606.ENSP00000358548","false","pp","9606.ENSP00000290277 (pp) 9606.ENSP00000358548","0.082",,"0.9","0.569",,,"0.994","0.886"
"pp","9606.ENSP00000293288 (pp) 9606.ENSP00000363591","false","pp","9606.ENSP00000293288 (pp) 9606.ENSP00000363591","0.1",,"0.9","0.836",,,"0.996","0.801"
"pp","9606.ENSP00000293288 (pp) 9606.ENSP00000376943","false","pp","9606.ENSP00000293288 (pp) 9606.ENSP00000376943","0.06",,"0.9","0.929",,,"0.998","0.837"
"pp","9606.ENSP00000293288 (pp) 9606.ENSP00000318822","false","pp","9606.ENSP00000293288 (pp) 9606.ENSP00000318822","0.068",,"0.9","0.869",,,"0.998","0.914"
"pp","9606.ENSP00000293288 (pp) 9606.ENSP00000381185","false","pp","9606.ENSP00000293288 (pp) 9606.ENSP00000381185",,,"0.9","0.991",,,"0.999","0.972"
"pp","9606.ENSP00000293288 (pp) 9606.ENSP00000365230","false","pp","9606.ENSP00000293288 (pp) 9606.ENSP00000365230","0.082",,"0.9","0.999",,,"0.999","0.882"
"pp","9606.ENSP00000296585 (pp) 9606.ENSP00000346839","false","pp","9606.ENSP00000296585 (pp) 9606.ENSP00000346839","0.083",,"0.65",,,,"0.986","0.962"
"pp","9606.ENSP00000296782 (pp) 9606.ENSP00000354558","false","pp","9606.ENSP00000296782 (pp) 9606.ENSP00000354558","0.064",,"0.9","0.999",,,"0.999","0.999"
"pp","9606.ENSP00000296782 (pp) 9606.ENSP00000307272","false","pp","9606.ENSP00000296782 (pp) 9606.ENSP00000307272","0.042",,"0.9","0.63",,,"0.999","0.999"
"pp","9606.ENSP00000296782 (pp) 9606.ENSP00000375711","false","pp","9606.ENSP00000296782 (pp) 9606.ENSP00000375711",,,,,,,"0.993","0.994"
"pp","9606.ENSP00000298552 (pp) 9606.ENSP00000354558","false","pp","9606.ENSP00000298552 (pp) 9606.ENSP00000354558","0.273",,"0.5","0.274",,,"0.974","0.915"
"pp","9606.ENSP00000298552 (pp) 9606.ENSP00000307272","false","pp","9606.ENSP00000298552 (pp) 9606.ENSP00000307272","0.126",,"0.5","0.07",,,"0.915","0.817"
"pp","9606.ENSP00000298552 (pp) 9606.ENSP00000435412","false","pp","9606.ENSP00000298552 (pp) 9606.ENSP00000435412","0.047",,"0.9","0.31",,,"0.969","0.591"
"pp","9606.ENSP00000298552 (pp) 9606.ENSP00000346148","false","pp","9606.ENSP00000298552 (pp) 9606.ENSP00000346148","0.06",,"0.9","0.079",,,"0.921","0.2"
"pp","9606.ENSP00000301178 (pp) 9606.ENSP00000401303","false","pp","9606.ENSP00000301178 (pp) 9606.ENSP00000401303","0.078",,"0.9","0.095",,,"0.957","0.547"
"pp","9606.ENSP00000301178 (pp) 9606.ENSP00000362680","false","pp","9606.ENSP00000301178 (pp) 9606.ENSP00000362680","0.049",,"0.9","0.485",,,"0.983","0.694"
"pp","9606.ENSP00000302486 (pp) 9606.ENSP00000394560","false","pp","9606.ENSP00000302486 (pp) 9606.ENSP00000394560","0.087",,"0.9",,,,"0.931","0.309"
"pp","9606.ENSP00000302486 (pp) 9606.ENSP00000358548","false","pp","9606.ENSP00000302486 (pp) 9606.ENSP00000358548","0.06",,"0.9","0.163",,,"0.983","0.814"
"pp","9606.ENSP00000302486 (pp) 9606.ENSP00000378040","false","pp","9606.ENSP00000302486 (pp) 9606.ENSP00000378040","0.058",,"0.9",,,,"0.92","0.227"
"pp","9606.ENSP00000302486 (pp) 9606.ENSP00000419060","false","pp","9606.ENSP00000302486 (pp) 9606.ENSP00000419060","0.12",,"0.9","0.997",,,"0.999","0.983"
"pp","9606.ENSP00000302486 (pp) 9606.ENSP00000378974","false","pp","9606.ENSP00000302486 (pp) 9606.ENSP00000378974","0.067",,"0.9",,,,"0.934","0.353"
"pp","9606.ENSP00000302486 (pp) 9606.ENSP00000331602","false","pp","9606.ENSP00000302486 (pp) 9606.ENSP00000331602","0.082",,"0.9","0.129",,,"0.925","0.184"
"pp","9606.ENSP00000302486 (pp) 9606.ENSP00000401888","false","pp","9606.ENSP00000302486 (pp) 9606.ENSP00000401888","0.131",,"0.9","0.974",,,"0.999","0.97"
"pp","9606.ENSP00000304592 (pp) 9606.ENSP00000483300","false","pp","9606.ENSP00000304592 (pp) 9606.ENSP00000483300","0.572",,"0.9","0.073",,"0.055","0.998","0.965"
"pp","9606.ENSP00000304592 (pp) 9606.ENSP00000359380","false","pp","9606.ENSP00000304592 (pp) 9606.ENSP00000359380","0.632",,,"0.101",,,"0.96","0.89"
"pp","9606.ENSP00000304669 (pp) 9606.ENSP00000495360","false","pp","9606.ENSP00000304669 (pp) 9606.ENSP00000495360","0.138",,"0.9","0.965",,,"0.999","0.997"
"pp","9606.ENSP00000304669 (pp) 9606.ENSP00000379287","false","pp","9606.ENSP00000304669 (pp) 9606.ENSP00000379287","0.067",,"0.9",,,,"0.914","0.155"
"pp","9606.ENSP00000304895 (pp) 9606.ENSP00000378974","false","pp","9606.ENSP00000304895 (pp) 9606.ENSP00000378974",,,"0.9","0.477",,,"0.986","0.754"
"pp","9606.ENSP00000304895 (pp) 9606.ENSP00000394560","false","pp","9606.ENSP00000304895 (pp) 9606.ENSP00000394560","0.06",,"0.9","0.089",,,"0.936","0.351"
"pp","9606.ENSP00000304895 (pp) 9606.ENSP00000354558","false","pp","9606.ENSP00000304895 (pp) 9606.ENSP00000354558","0.049",,"0.9","0.636",,,"0.992","0.813"
"pp","9606.ENSP00000304895 (pp) 9606.ENSP00000362680","false","pp","9606.ENSP00000304895 (pp) 9606.ENSP00000362680",,,"0.4","0.098",,,"0.977","0.961"
"pp","9606.ENSP00000304895 (pp) 9606.ENSP00000496129","false","pp","9606.ENSP00000304895 (pp) 9606.ENSP00000496129",,,"0.9",,,,"0.932","0.349"
"pp","9606.ENSP00000304895 (pp) 9606.ENSP00000355231","false","pp","9606.ENSP00000304895 (pp) 9606.ENSP00000355231",,,,"0.065",,,"0.921","0.92"
"pp","9606.ENSP00000304895 (pp) 9606.ENSP00000331602","false","pp","9606.ENSP00000304895 (pp) 9606.ENSP00000331602",,,"0.9","0.537",,,"0.962","0.263"
"pp","9606.ENSP00000304895 (pp) 9606.ENSP00000379287","false","pp","9606.ENSP00000304895 (pp) 9606.ENSP00000379287","0.057",,,"0.224",,,"0.93","0.913"
"pp","9606.ENSP00000304895 (pp) 9606.ENSP00000401303","false","pp","9606.ENSP00000304895 (pp) 9606.ENSP00000401303","0.042",,,"0.098",,,"0.991","0.991"
"pp","9606.ENSP00000304895 (pp) 9606.ENSP00000405330","false","pp","9606.ENSP00000304895 (pp) 9606.ENSP00000405330","0.06",,,"0.299",,,"0.903","0.865"
"pp","9606.ENSP00000305769 (pp) 9606.ENSP00000332973","false","pp","9606.ENSP00000305769 (pp) 9606.ENSP00000332973",,"0.057","0.9","0.474",,,"0.954","0.182"
"pp","9606.ENSP00000305769 (pp) 9606.ENSP00000341551","false","pp","9606.ENSP00000305769 (pp) 9606.ENSP00000341551","0.119",,"0.9","0.94",,,"0.997","0.626"
"pp","9606.ENSP00000305769 (pp) 9606.ENSP00000478927","false","pp","9606.ENSP00000305769 (pp) 9606.ENSP00000478927","0.043",,"0.8","0.761",,,"0.962","0.277"
"pp","9606.ENSP00000307272 (pp) 9606.ENSP00000375711","false","pp","9606.ENSP00000307272 (pp) 9606.ENSP00000375711","0.138",,"0.9","0.998",,,"0.999","0.999"
"pp","9606.ENSP00000307272 (pp) 9606.ENSP00000354558","false","pp","9606.ENSP00000307272 (pp) 9606.ENSP00000354558","0.301",,"0.9","0.999",,,"0.999","0.999"
"pp","9606.ENSP00000307272 (pp) 9606.ENSP00000346148","false","pp","9606.ENSP00000307272 (pp) 9606.ENSP00000346148","0.06",,"0.9","0.354",,,"0.965","0.494"
"pp","9606.ENSP00000307272 (pp) 9606.ENSP00000374455","false","pp","9606.ENSP00000307272 (pp) 9606.ENSP00000374455","0.042",,,"0.51",,,"0.939","0.881"
"pp","9606.ENSP00000307272 (pp) 9606.ENSP00000425561","false","pp","9606.ENSP00000307272 (pp) 9606.ENSP00000425561","0.049",,"0.4","0.3",,,"0.949","0.888"
"pp","9606.ENSP00000307272 (pp) 9606.ENSP00000340691","false","pp","9606.ENSP00000307272 (pp) 9606.ENSP00000340691","0.049",,"0.9","0.983",,,"0.999","0.997"
"pp","9606.ENSP00000307272 (pp) 9606.ENSP00000369757","false","pp","9606.ENSP00000307272 (pp) 9606.ENSP00000369757","0.042",,,"0.292",,,"0.9","0.865"
"pp","9606.ENSP00000307940 (pp) 9606.ENSP00000369757","false","pp","9606.ENSP00000307940 (pp) 9606.ENSP00000369757","0.818",,"0.5","0.992",,,"0.999","0.844"
"pp","9606.ENSP00000316054 (pp) 9606.ENSP00000498587","false","pp","9606.ENSP00000316054 (pp) 9606.ENSP00000498587","0.059",,"0.9","0.094",,,"0.926","0.239"
"pp","9606.ENSP00000317272 (pp) 9606.ENSP00000495360","false","pp","9606.ENSP00000317272 (pp) 9606.ENSP00000495360","0.042",,"0.9","0.364",,,"0.985","0.793"
"pp","9606.ENSP00000317272 (pp) 9606.ENSP00000358548","false","pp","9606.ENSP00000317272 (pp) 9606.ENSP00000358548","0.081",,"0.9","0.274",,,"0.966","0.556"
"pp","9606.ENSP00000317272 (pp) 9606.ENSP00000362680","false","pp","9606.ENSP00000317272 (pp) 9606.ENSP00000362680","0.068",,"0.9","0.682",,,"0.993","0.8"
"pp","9606.ENSP00000317272 (pp) 9606.ENSP00000401303","false","pp","9606.ENSP00000317272 (pp) 9606.ENSP00000401303","0.111",,"0.9","0.386",,,"0.992","0.883"
"pp","9606.ENSP00000318822 (pp) 9606.ENSP00000378974","false","pp","9606.ENSP00000318822 (pp) 9606.ENSP00000378974","0.044",,"0.9","0.448",,,"0.954","0.245"
"pp","9606.ENSP00000318822 (pp) 9606.ENSP00000376943","false","pp","9606.ENSP00000318822 (pp) 9606.ENSP00000376943",,,"0.9","0.405",,,"0.982","0.737"
"pp","9606.ENSP00000318822 (pp) 9606.ENSP00000394560","false","pp","9606.ENSP00000318822 (pp) 9606.ENSP00000394560","0.042",,"0.9",,,,"0.911","0.153"
"pp","9606.ENSP00000318822 (pp) 9606.ENSP00000363591","false","pp","9606.ENSP00000318822 (pp) 9606.ENSP00000363591","0.056",,"0.9","0.975",,,"0.999","0.656"
"pp","9606.ENSP00000318822 (pp) 9606.ENSP00000351273","false","pp","9606.ENSP00000318822 (pp) 9606.ENSP00000351273","0.111",,"0.9","0.619",,,"0.992","0.817"
"pp","9606.ENSP00000318822 (pp) 9606.ENSP00000365230","false","pp","9606.ENSP00000318822 (pp) 9606.ENSP00000365230","0.056",,"0.9","0.991",,,"0.999","0.617"
"pp","9606.ENSP00000318822 (pp) 9606.ENSP00000381185","false","pp","9606.ENSP00000318822 (pp) 9606.ENSP00000381185","0.055",,"0.9","0.872",,,"0.998","0.921"
"pp","9606.ENSP00000324856 (pp) 9606.ENSP00000346148","false","pp","9606.ENSP00000324856 (pp) 9606.ENSP00000346148","0.049",,"0.9","0.76",,,"0.986","0.474"
"pp","9606.ENSP00000324856 (pp) 9606.ENSP00000339527","false","pp","9606.ENSP00000324856 (pp) 9606.ENSP00000339527","0.08",,"0.9","0.071",,,"0.96","0.588"
"pp","9606.ENSP00000324856 (pp) 9606.ENSP00000361021","false","pp","9606.ENSP00000324856 (pp) 9606.ENSP00000361021",,,,"0.332",,,"0.979","0.971"
"pp","9606.ENSP00000325120 (pp) 9606.ENSP00000362680","false","pp","9606.ENSP00000325120 (pp) 9606.ENSP00000362680",,,,"0.63",,,"0.937","0.838"
"pp","9606.ENSP00000325120 (pp) 9606.ENSP00000405330","false","pp","9606.ENSP00000325120 (pp) 9606.ENSP00000405330","0.24",,"0.7","0.771",,,"0.974","0.561"
"pp","9606.ENSP00000325120 (pp) 9606.ENSP00000378974","false","pp","9606.ENSP00000325120 (pp) 9606.ENSP00000378974",,,"0.9",,,,"0.921","0.248"
"pp","9606.ENSP00000325120 (pp) 9606.ENSP00000394560","false","pp","9606.ENSP00000325120 (pp) 9606.ENSP00000394560",,,"0.9",,,,"0.908","0.121"
"pp","9606.ENSP00000325863 (pp) 9606.ENSP00000372023","false","pp","9606.ENSP00000325863 (pp) 9606.ENSP00000372023","0.085",,"0.5","0.088",,,"0.9","0.79"
"pp","9606.ENSP00000325863 (pp) 9606.ENSP00000375978","false","pp","9606.ENSP00000325863 (pp) 9606.ENSP00000375978","0.12",,"0.5","0.855",,,"0.979","0.711"
"pp","9606.ENSP00000325863 (pp) 9606.ENSP00000369497","false","pp","9606.ENSP00000325863 (pp) 9606.ENSP00000369497","0.127",,"0.5",,,,"0.967","0.932"
"pp","9606.ENSP00000325863 (pp) 9606.ENSP00000493712","false","pp","9606.ENSP00000325863 (pp) 9606.ENSP00000493712","0.128",,"0.5","0.622",,"0.095","0.984","0.914"
"pp","9606.ENSP00000325863 (pp) 9606.ENSP00000371475","false","pp","9606.ENSP00000325863 (pp) 9606.ENSP00000371475","0.067",,"0.5","0.585",,,"0.938","0.721"
"pp","9606.ENSP00000331602 (pp) 9606.ENSP00000394560","false","pp","9606.ENSP00000331602 (pp) 9606.ENSP00000394560","0.049",,"0.9","0.096",,,"0.912","0.099"
"pp","9606.ENSP00000331602 (pp) 9606.ENSP00000408695","false","pp","9606.ENSP00000331602 (pp) 9606.ENSP00000408695","0.068","0.063","0.9","0.452",,,"0.967","0.422"
"pp","9606.ENSP00000331602 (pp) 9606.ENSP00000378974","false","pp","9606.ENSP00000331602 (pp) 9606.ENSP00000378974","0.042",,"0.9","0.096",,,"0.918","0.168"
"pp","9606.ENSP00000331602 (pp) 9606.ENSP00000401888","false","pp","9606.ENSP00000331602 (pp) 9606.ENSP00000401888","0.063",,"0.9","0.087",,,"0.912","0.101"
"pp","9606.ENSP00000331602 (pp) 9606.ENSP00000401303","false","pp","9606.ENSP00000331602 (pp) 9606.ENSP00000401303","0.142",,"0.4","0.579",,,"0.924","0.692"
"pp","9606.ENSP00000331602 (pp) 9606.ENSP00000496129","false","pp","9606.ENSP00000331602 (pp) 9606.ENSP00000496129","0.117","0.061","0.9","0.614",,,"0.966","0.119"
"pp","9606.ENSP00000331602 (pp) 9606.ENSP00000362680","false","pp","9606.ENSP00000331602 (pp) 9606.ENSP00000362680","0.123","0.12","0.9","0.326",,,"0.983","0.728"
"pp","9606.ENSP00000332973 (pp) 9606.ENSP00000478887","false","pp","9606.ENSP00000332973 (pp) 9606.ENSP00000478887","0.058",,"0.5","0.292",,,"0.993","0.983"
"pp","9606.ENSP00000332973 (pp) 9606.ENSP00000384849","false","pp","9606.ENSP00000332973 (pp) 9606.ENSP00000384849","0.062",,"0.5","0.292",,,"0.918","0.784"
"pp","9606.ENSP00000332973 (pp) 9606.ENSP00000363822","false","pp","9606.ENSP00000332973 (pp) 9606.ENSP00000363822",,,,"0.627",,,"0.953","0.879"
"pp","9606.ENSP00000332973 (pp) 9606.ENSP00000342307","false","pp","9606.ENSP00000332973 (pp) 9606.ENSP00000342307","0.051",,,"0.314",,,"0.911","0.876"
"pp","9606.ENSP00000332973 (pp) 9606.ENSP00000341551","false","pp","9606.ENSP00000332973 (pp) 9606.ENSP00000341551","0.087",,"0.9","0.999",,,"0.999","0.989"
"pp","9606.ENSP00000332973 (pp) 9606.ENSP00000360266","false","pp","9606.ENSP00000332973 (pp) 9606.ENSP00000360266","0.049",,,"0.787",,,"0.997","0.99"
"pp","9606.ENSP00000332973 (pp) 9606.ENSP00000361626","false","pp","9606.ENSP00000332973 (pp) 9606.ENSP00000361626","0.049",,"0.5",,,,"0.941","0.886"
"pp","9606.ENSP00000332973 (pp) 9606.ENSP00000339527","false","pp","9606.ENSP00000332973 (pp) 9606.ENSP00000339527","0.06",,"0.9","0.635",,,"0.995","0.897"
"pp","9606.ENSP00000332973 (pp) 9606.ENSP00000394560","false","pp","9606.ENSP00000332973 (pp) 9606.ENSP00000394560","0.075",,"0.9",,,,"0.927","0.275"
"pp","9606.ENSP00000332973 (pp) 9606.ENSP00000378974","false","pp","9606.ENSP00000332973 (pp) 9606.ENSP00000378974","0.075",,"0.9","0.387",,,"0.977","0.652"
"pp","9606.ENSP00000332973 (pp) 9606.ENSP00000478927","false","pp","9606.ENSP00000332973 (pp) 9606.ENSP00000478927","0.062",,"0.9","0.446",,,"0.965","0.42"
"pp","9606.ENSP00000332973 (pp) 9606.ENSP00000498587","false","pp","9606.ENSP00000332973 (pp) 9606.ENSP00000498587","0.06",,,"0.293",,,"0.958","0.943"
"pp","9606.ENSP00000332973 (pp) 9606.ENSP00000495360","false","pp","9606.ENSP00000332973 (pp) 9606.ENSP00000495360","0.075",,"0.8","0.768",,,"0.999","0.98"
"pp","9606.ENSP00000336799 (pp) 9606.ENSP00000354558","false","pp","9606.ENSP00000336799 (pp) 9606.ENSP00000354558","0.055",,,"0.994",,,"0.994","0.117"
"pp","9606.ENSP00000339191 (pp) 9606.ENSP00000362680","false","pp","9606.ENSP00000339191 (pp) 9606.ENSP00000362680","0.051",,"0.9","0.623",,,"0.999","0.994"
"pp","9606.ENSP00000339191 (pp) 9606.ENSP00000405330","false","pp","9606.ENSP00000339191 (pp) 9606.ENSP00000405330","0.053",,"0.5","0.624",,,"0.998","0.992"
"pp","9606.ENSP00000339191 (pp) 9606.ENSP00000495360","false","pp","9606.ENSP00000339191 (pp) 9606.ENSP00000495360","0.043",,,"0.515",,,"0.942","0.886"
"pp","9606.ENSP00000339191 (pp) 9606.ENSP00000361021","false","pp","9606.ENSP00000339191 (pp) 9606.ENSP00000361021",,,,"0.345",,,"0.912","0.872"
"pp","9606.ENSP00000339527 (pp) 9606.ENSP00000384849","false","pp","9606.ENSP00000339527 (pp) 9606.ENSP00000384849","0.072",,,"0.295",,,"0.995","0.994"
"pp","9606.ENSP00000339527 (pp) 9606.ENSP00000379287","false","pp","9606.ENSP00000339527 (pp) 9606.ENSP00000379287","0.049",,"0.9","0.817",,,"0.994","0.743"
"pp","9606.ENSP00000339527 (pp) 9606.ENSP00000346148","false","pp","9606.ENSP00000339527 (pp) 9606.ENSP00000346148","0.092",,"0.9","0.091",,,"0.942","0.39"
"pp","9606.ENSP00000339527 (pp) 9606.ENSP00000341551","false","pp","9606.ENSP00000339527 (pp) 9606.ENSP00000341551","0.158",,"0.5","0.525",,,"0.979","0.909"
"pp","9606.ENSP00000339527 (pp) 9606.ENSP00000394560","false","pp","9606.ENSP00000339527 (pp) 9606.ENSP00000394560","0.074",,"0.9","0.099",,,"0.941","0.385"
"pp","9606.ENSP00000339527 (pp) 9606.ENSP00000376943","false","pp","9606.ENSP00000339527 (pp) 9606.ENSP00000376943","0.063",,"0.75","0.608",,,"0.984","0.855"
"pp","9606.ENSP00000339527 (pp) 9606.ENSP00000495360","false","pp","9606.ENSP00000339527 (pp) 9606.ENSP00000495360","0.049",,"0.36","0.547",,,"0.998","0.994"
"pp","9606.ENSP00000339527 (pp) 9606.ENSP00000378974","false","pp","9606.ENSP00000339527 (pp) 9606.ENSP00000378974","0.06",,"0.9","0.099",,,"0.954","0.525"
"pp","9606.ENSP00000340278 (pp) 9606.ENSP00000361021","false","pp","9606.ENSP00000340278 (pp) 9606.ENSP00000361021","0.044",,,"0.666",,,"0.92","0.771"
"pp","9606.ENSP00000340278 (pp) 9606.ENSP00000365230","false","pp","9606.ENSP00000340278 (pp) 9606.ENSP00000365230","0.056",,"0.9","0.296",,,"0.97","0.61"
"pp","9606.ENSP00000340691 (pp) 9606.ENSP00000416255","false","pp","9606.ENSP00000340691 (pp) 9606.ENSP00000416255","0.067",,"0.5","0.239",,,"0.991","0.98"
"pp","9606.ENSP00000340691 (pp) 9606.ENSP00000375711","false","pp","9606.ENSP00000340691 (pp) 9606.ENSP00000375711","0.12",,"0.9",,,,"0.977","0.762"
"pp","9606.ENSP00000340691 (pp) 9606.ENSP00000425561","false","pp","9606.ENSP00000340691 (pp) 9606.ENSP00000425561",,,"0.9","0.996",,,"0.999","0.999"
"pp","9606.ENSP00000340691 (pp) 9606.ENSP00000369757","false","pp","9606.ENSP00000340691 (pp) 9606.ENSP00000369757","0.081",,,,,,"0.931","0.929"
"pp","9606.ENSP00000340691 (pp) 9606.ENSP00000354558","false","pp","9606.ENSP00000340691 (pp) 9606.ENSP00000354558",,,"0.9","0.992",,,"0.999","0.952"
"pp","9606.ENSP00000341208 (pp) 9606.ENSP00000362680","false","pp","9606.ENSP00000341208 (pp) 9606.ENSP00000362680","0.099",,"0.5","0.096",,,"0.9","0.785"
"pp","9606.ENSP00000341551 (pp) 9606.ENSP00000378974","false","pp","9606.ENSP00000341551 (pp) 9606.ENSP00000378974","0.103",,"0.9",,,,"0.98","0.799"
"pp","9606.ENSP00000341551 (pp) 9606.ENSP00000478927","false","pp","9606.ENSP00000341551 (pp) 9606.ENSP00000478927","0.056",,"0.8","0.25",,,"0.943","0.647"
"pp","9606.ENSP00000341551 (pp) 9606.ENSP00000495360","false","pp","9606.ENSP00000341551 (pp) 9606.ENSP00000495360","0.108",,"0.5","0.309",,,"0.998","0.994"
"pp","9606.ENSP00000341551 (pp) 9606.ENSP00000394560","false","pp","9606.ENSP00000341551 (pp) 9606.ENSP00000394560","0.079",,"0.9",,,,"0.932","0.325"
"pp","9606.ENSP00000341551 (pp) 9606.ENSP00000361021","false","pp","9606.ENSP00000341551 (pp) 9606.ENSP00000361021","0.072",,,"0.053",,,"0.912","0.909"
"pp","9606.ENSP00000341551 (pp) 9606.ENSP00000360266","false","pp","9606.ENSP00000341551 (pp) 9606.ENSP00000360266",,,,"0.166",,,"0.989","0.988"
"pp","9606.ENSP00000341551 (pp) 9606.ENSP00000478887","false","pp","9606.ENSP00000341551 (pp) 9606.ENSP00000478887","0.044",,"0.5",,,,"0.931","0.868"
"pp","9606.ENSP00000341551 (pp) 9606.ENSP00000384849","false","pp","9606.ENSP00000341551 (pp) 9606.ENSP00000384849","0.103",,"0.5","0.6",,,"0.94","0.708"
"pp","9606.ENSP00000341551 (pp) 9606.ENSP00000350512","false","pp","9606.ENSP00000341551 (pp) 9606.ENSP00000350512","0.06",,,"0.783",,,"0.906","0.578"
"pp","9606.ENSP00000342307 (pp) 9606.ENSP00000378699","false","pp","9606.ENSP00000342307 (pp) 9606.ENSP00000378699","0.661",,"0.5","0.559",,,"0.991","0.896"
"pp","9606.ENSP00000342307 (pp) 9606.ENSP00000495360","false","pp","9606.ENSP00000342307 (pp) 9606.ENSP00000495360",,,,"0.525",,,"0.994","0.989"
"pp","9606.ENSP00000346148 (pp) 9606.ENSP00000354558","false","pp","9606.ENSP00000346148 (pp) 9606.ENSP00000354558","0.082",,"0.9","0.115",,,"0.972","0.698"
"pp","9606.ENSP00000346148 (pp) 9606.ENSP00000483300","false","pp","9606.ENSP00000346148 (pp) 9606.ENSP00000483300","0.042",,"0.9","0.474",,,"0.981","0.675"
"pp","9606.ENSP00000346839 (pp) 9606.ENSP00000355330","false","pp","9606.ENSP00000346839 (pp) 9606.ENSP00000355330","0.112",,,"0.803",,,"0.997","0.986"
"pp","9606.ENSP00000346839 (pp) 9606.ENSP00000362680","false","pp","9606.ENSP00000346839 (pp) 9606.ENSP00000362680","0.042",,"0.4",,,,"0.945","0.912"
"pp","9606.ENSP00000346839 (pp) 9606.ENSP00000405330","false","pp","9606.ENSP00000346839 (pp) 9606.ENSP00000405330",,,,"0.9",,,"0.969","0.707"
"pp","9606.ENSP00000346839 (pp) 9606.ENSP00000380070","false","pp","9606.ENSP00000346839 (pp) 9606.ENSP00000380070","0.06",,,"0.072",,,"0.945","0.943"
"pp","9606.ENSP00000350512 (pp) 9606.ENSP00000360266","false","pp","9606.ENSP00000350512 (pp) 9606.ENSP00000360266","0.048",,,"0.675",,,"0.998","0.995"
"pp","9606.ENSP00000351273 (pp) 9606.ENSP00000355231","false","pp","9606.ENSP00000351273 (pp) 9606.ENSP00000355231","0.085",,,"0.292",,,"0.914","0.879"
"pp","9606.ENSP00000351273 (pp) 9606.ENSP00000358327","false","pp","9606.ENSP00000351273 (pp) 9606.ENSP00000358327","0.109","0.083","0.9","0.628",,,"0.992","0.789"
"pp","9606.ENSP00000351273 (pp) 9606.ENSP00000381185","false","pp","9606.ENSP00000351273 (pp) 9606.ENSP00000381185","0.086",,,"0.649",,,"0.984","0.955"
"pp","9606.ENSP00000351273 (pp) 9606.ENSP00000365230","false","pp","9606.ENSP00000351273 (pp) 9606.ENSP00000365230","0.042",,,"0.511",,,"0.933","0.869"
"pp","9606.ENSP00000351273 (pp) 9606.ENSP00000374455","false","pp","9606.ENSP00000351273 (pp) 9606.ENSP00000374455",,,,"0.792",,,"0.982","0.917"
"pp","9606.ENSP00000351273 (pp) 9606.ENSP00000477613","false","pp","9606.ENSP00000351273 (pp) 9606.ENSP00000477613","0.085",,,"0.785",,,"0.971","0.866"
"pp","9606.ENSP00000351273 (pp) 9606.ENSP00000499058","false","pp","9606.ENSP00000351273 (pp) 9606.ENSP00000499058",,,,,,,"0.903","0.903"
"pp","9606.ENSP00000354558 (pp) 9606.ENSP00000408695","false","pp","9606.ENSP00000354558 (pp) 9606.ENSP00000408695","0.049",,"0.9","0.292",,,"0.969","0.603"
"pp","9606.ENSP00000354558 (pp) 9606.ENSP00000375711","false","pp","9606.ENSP00000354558 (pp) 9606.ENSP00000375711","0.06",,"0.9","0.986",,,"0.999","0.997"
"pp","9606.ENSP00000354558 (pp) 9606.ENSP00000361021","false","pp","9606.ENSP00000354558 (pp) 9606.ENSP00000361021",,,,"0.282",,,"0.942","0.923"
"pp","9606.ENSP00000354558 (pp) 9606.ENSP00000425561","false","pp","9606.ENSP00000354558 (pp) 9606.ENSP00000425561","0.042",,"0.4","0.356",,,"0.962","0.91"
"pp","9606.ENSP00000354558 (pp) 9606.ENSP00000374455","false","pp","9606.ENSP00000354558 (pp) 9606.ENSP00000374455","0.042",,,"0.735",,,"0.953","0.832"
"pp","9606.ENSP00000354558 (pp) 9606.ENSP00000369757","false","pp","9606.ENSP00000354558 (pp) 9606.ENSP00000369757","0.042",,,"0.314",,,"0.961","0.947"
"pp","9606.ENSP00000354558 (pp) 9606.ENSP00000496129","false","pp","9606.ENSP00000354558 (pp) 9606.ENSP00000496129","0.044",,"0.9",,,,"0.937","0.402"
"pp","9606.ENSP00000354952 (pp) 9606.ENSP00000364898","false","pp","9606.ENSP00000354952 (pp) 9606.ENSP00000364898","0.056",,"0.9",,,,"0.975","0.766"
"pp","9606.ENSP00000354952 (pp) 9606.ENSP00000401303","false","pp","9606.ENSP00000354952 (pp) 9606.ENSP00000401303",,,"0.8","0.735",,,"0.997","0.954"
"pp","9606.ENSP00000355231 (pp) 9606.ENSP00000374455","false","pp","9606.ENSP00000355231 (pp) 9606.ENSP00000374455","0.048",,,"0.51",,,"0.958","0.919"
"pp","9606.ENSP00000355231 (pp) 9606.ENSP00000477613","false","pp","9606.ENSP00000355231 (pp) 9606.ENSP00000477613","0.085",,,"0.994",,,"0.996","0.355"
"pp","9606.ENSP00000355231 (pp) 9606.ENSP00000365230","false","pp","9606.ENSP00000355231 (pp) 9606.ENSP00000365230","0.078",,"0.9","0.957",,,"0.999","0.996"
"pp","9606.ENSP00000355231 (pp) 9606.ENSP00000381185","false","pp","9606.ENSP00000355231 (pp) 9606.ENSP00000381185",,,"0.9","0.996",,,"0.999","0.999"
"pp","9606.ENSP00000355231 (pp) 9606.ENSP00000376943","false","pp","9606.ENSP00000355231 (pp) 9606.ENSP00000376943",,,,"0.091",,,"0.987","0.987"
"pp","9606.ENSP00000355759 (pp) 9606.ENSP00000381185","false","pp","9606.ENSP00000355759 (pp) 9606.ENSP00000381185","0.113",,,"0.292",,,"0.917","0.879"
"pp","9606.ENSP00000355759 (pp) 9606.ENSP00000358327","false","pp","9606.ENSP00000355759 (pp) 9606.ENSP00000358327","0.063",,"0.9","0.706",,,"0.995","0.849"
"pp","9606.ENSP00000355759 (pp) 9606.ENSP00000369497","false","pp","9606.ENSP00000355759 (pp) 9606.ENSP00000369497","0.06",,"0.4","0.621",,,"0.985","0.942"
"pp","9606.ENSP00000355759 (pp) 9606.ENSP00000375978","false","pp","9606.ENSP00000355759 (pp) 9606.ENSP00000375978","0.277",,,"0.879",,,"0.996","0.968"
"pp","9606.ENSP00000358327 (pp) 9606.ENSP00000477613","false","pp","9606.ENSP00000358327 (pp) 9606.ENSP00000477613","0.086",,"0.9","0.873",,,"0.997","0.809"
"pp","9606.ENSP00000358548 (pp) 9606.ENSP00000419060","false","pp","9606.ENSP00000358548 (pp) 9606.ENSP00000419060","0.088",,"0.9","0.871",,,"0.999","0.973"
"pp","9606.ENSP00000358548 (pp) 9606.ENSP00000378974","false","pp","9606.ENSP00000358548 (pp) 9606.ENSP00000378974","0.13",,"0.9","0.145",,,"0.94","0.299"
"pp","9606.ENSP00000358548 (pp) 9606.ENSP00000401888","false","pp","9606.ENSP00000358548 (pp) 9606.ENSP00000401888","0.082",,"0.9","0.908",,,"0.999","0.9"
"pp","9606.ENSP00000358548 (pp) 9606.ENSP00000435412","false","pp","9606.ENSP00000358548 (pp) 9606.ENSP00000435412","0.058",,"0.9","0.189",,,"0.952","0.446"
"pp","9606.ENSP00000358548 (pp) 9606.ENSP00000362680","false","pp","9606.ENSP00000358548 (pp) 9606.ENSP00000362680","0.09",,"0.9","0.295",,,"0.97","0.594"
"pp","9606.ENSP00000358548 (pp) 9606.ENSP00000394560","false","pp","9606.ENSP00000358548 (pp) 9606.ENSP00000394560","0.103",,"0.9","0.145",,,"0.932","0.22"
"pp","9606.ENSP00000358548 (pp) 9606.ENSP00000408695","false","pp","9606.ENSP00000358548 (pp) 9606.ENSP00000408695","0.067",,"0.9",,,,"0.928","0.296"
"pp","9606.ENSP00000358548 (pp) 9606.ENSP00000364898","false","pp","9606.ENSP00000358548 (pp) 9606.ENSP00000364898","0.089",,"0.9","0.11",,,"0.933","0.276"
"pp","9606.ENSP00000358548 (pp) 9606.ENSP00000496129","false","pp","9606.ENSP00000358548 (pp) 9606.ENSP00000496129","0.066",,"0.9",,,,"0.918","0.202"
"pp","9606.ENSP00000359380 (pp) 9606.ENSP00000483300","false","pp","9606.ENSP00000359380 (pp) 9606.ENSP00000483300","0.444",,,,,,"0.937","0.893"
"pp","9606.ENSP00000360266 (pp) 9606.ENSP00000394560","false","pp","9606.ENSP00000360266 (pp) 9606.ENSP00000394560",,,"0.9","0.964",,,"0.999","0.988"
"pp","9606.ENSP00000360266 (pp) 9606.ENSP00000378974","false","pp","9606.ENSP00000360266 (pp) 9606.ENSP00000378974","0.049",,"0.9","0.997",,,"0.999","0.978"
"pp","9606.ENSP00000360266 (pp) 9606.ENSP00000478927","false","pp","9606.ENSP00000360266 (pp) 9606.ENSP00000478927",,,,"0.072",,,"0.909","0.906"
"pp","9606.ENSP00000360266 (pp) 9606.ENSP00000381185","false","pp","9606.ENSP00000360266 (pp) 9606.ENSP00000381185","0.047",,,,,,"0.927","0.927"
"pp","9606.ENSP00000360266 (pp) 9606.ENSP00000478887","false","pp","9606.ENSP00000360266 (pp) 9606.ENSP00000478887","0.08",,,"0.626",,,"0.97","0.922"
"pp","9606.ENSP00000360266 (pp) 9606.ENSP00000405330","false","pp","9606.ENSP00000360266 (pp) 9606.ENSP00000405330",,,"0.9","0.631",,,"0.999","0.995"
"pp","9606.ENSP00000360266 (pp) 9606.ENSP00000362680","false","pp","9606.ENSP00000360266 (pp) 9606.ENSP00000362680","0.062",,"0.9","0.085",,,"0.974","0.738"
"pp","9606.ENSP00000361021 (pp) 9606.ENSP00000495360","false","pp","9606.ENSP00000361021 (pp) 9606.ENSP00000495360","0.07",,,"0.527",,,"0.943","0.881"
"pp","9606.ENSP00000361021 (pp) 9606.ENSP00000419060","false","pp","9606.ENSP00000361021 (pp) 9606.ENSP00000419060","0.095",,,"0.207",,,"0.943","0.928"
"pp","9606.ENSP00000361021 (pp) 9606.ENSP00000422793","false","pp","9606.ENSP00000361021 (pp) 9606.ENSP00000422793",,,"0.9",,,,"0.967","0.685"
"pp","9606.ENSP00000361021 (pp) 9606.ENSP00000478887","false","pp","9606.ENSP00000361021 (pp) 9606.ENSP00000478887","0.044",,,"0.318",,,"0.908","0.871"
"pp","9606.ENSP00000361626 (pp) 9606.ENSP00000364802","false","pp","9606.ENSP00000361626 (pp) 9606.ENSP00000364802","0.042",,,,,,"0.985","0.986"
"pp","9606.ENSP00000362680 (pp) 9606.ENSP00000401303","false","pp","9606.ENSP00000362680 (pp) 9606.ENSP00000401303","0.103",,"0.9","0.792",,,"0.999","0.99"
"pp","9606.ENSP00000362680 (pp) 9606.ENSP00000405330","false","pp","9606.ENSP00000362680 (pp) 9606.ENSP00000405330",,,"0.9","0.925",,,"0.999","0.996"
"pp","9606.ENSP00000362680 (pp) 9606.ENSP00000364898","false","pp","9606.ENSP00000362680 (pp) 9606.ENSP00000364898","0.057","0.096","0.9","0.65",,,"0.999","0.976"
"pp","9606.ENSP00000362680 (pp) 9606.ENSP00000401888","false","pp","9606.ENSP00000362680 (pp) 9606.ENSP00000401888","0.082","0.122","0.9","0.378",,,"0.954","0.239"
"pp","9606.ENSP00000362680 (pp) 9606.ENSP00000363822","false","pp","9606.ENSP00000362680 (pp) 9606.ENSP00000363822",,,,"0.748",,,"0.985","0.944"
"pp","9606.ENSP00000362680 (pp) 9606.ENSP00000457421","false","pp","9606.ENSP00000362680 (pp) 9606.ENSP00000457421","0.104",,"0.4","0.746",,,"0.948","0.668"
"pp","9606.ENSP00000362680 (pp) 9606.ENSP00000394560","false","pp","9606.ENSP00000362680 (pp) 9606.ENSP00000394560","0.055",,"0.9","0.094",,,"0.954","0.536"
"pp","9606.ENSP00000362680 (pp) 9606.ENSP00000495360","false","pp","9606.ENSP00000362680 (pp) 9606.ENSP00000495360","0.042",,"0.9","0.539",,,"0.999","0.986"
"pp","9606.ENSP00000362680 (pp) 9606.ENSP00000378974","false","pp","9606.ENSP00000362680 (pp) 9606.ENSP00000378974","0.055",,"0.9","0.094",,,"0.959","0.578"
"pp","9606.ENSP00000362680 (pp) 9606.ENSP00000478927","false","pp","9606.ENSP00000362680 (pp) 9606.ENSP00000478927","0.042",,"0.7","0.071",,,"0.951","0.838"
"pp","9606.ENSP00000363591 (pp) 9606.ENSP00000365230","false","pp","9606.ENSP00000363591 (pp) 9606.ENSP00000365230","0.067",,"0.9","0.996",,,"0.999","0.95"
"pp","9606.ENSP00000363591 (pp) 9606.ENSP00000381185","false","pp","9606.ENSP00000363591 (pp) 9606.ENSP00000381185",,,"0.9","0.789",,,"0.999","0.969"
"pp","9606.ENSP00000363591 (pp) 9606.ENSP00000376943","false","pp","9606.ENSP00000363591 (pp) 9606.ENSP00000376943","0.049",,"0.9","0.965",,,"0.998","0.722"
"pp","9606.ENSP00000363822 (pp) 9606.ENSP00000495360","false","pp","9606.ENSP00000363822 (pp) 9606.ENSP00000495360","0.052",,,"0.888",,,"0.996","0.968"
"pp","9606.ENSP00000363822 (pp) 9606.ENSP00000405330","false","pp","9606.ENSP00000363822 (pp) 9606.ENSP00000405330","0.172",,,,,,"0.981","0.979"
"pp","9606.ENSP00000364898 (pp) 9606.ENSP00000477713","false","pp","9606.ENSP00000364898 (pp) 9606.ENSP00000477713","0.113","0.085","0.5","0.741",,,"0.987","0.901"
"pp","9606.ENSP00000364898 (pp) 9606.ENSP00000401303","false","pp","9606.ENSP00000364898 (pp) 9606.ENSP00000401303","0.054",,"0.9","0.145",,,"0.957","0.532"
"pp","9606.ENSP00000365230 (pp) 9606.ENSP00000381185","false","pp","9606.ENSP00000365230 (pp) 9606.ENSP00000381185",,,"0.9","0.863",,,"0.999","0.984"
"pp","9606.ENSP00000365230 (pp) 9606.ENSP00000378974","false","pp","9606.ENSP00000365230 (pp) 9606.ENSP00000378974","0.058",,"0.9","0.678",,,"0.986","0.593"
"pp","9606.ENSP00000365230 (pp) 9606.ENSP00000378040","false","pp","9606.ENSP00000365230 (pp) 9606.ENSP00000378040","0.102",,"0.9","0.999",,,"0.999","0.964"
"pp","9606.ENSP00000365230 (pp) 9606.ENSP00000376943","false","pp","9606.ENSP00000365230 (pp) 9606.ENSP00000376943","0.049",,"0.9","0.996",,,"0.999","0.999"
"pp","9606.ENSP00000365230 (pp) 9606.ENSP00000394560","false","pp","9606.ENSP00000365230 (pp) 9606.ENSP00000394560","0.084",,"0.9","0.293",,,"0.956","0.407"
"pp","9606.ENSP00000368458 (pp) 9606.ENSP00000384849","false","pp","9606.ENSP00000368458 (pp) 9606.ENSP00000384849","0.104",,"0.9","0.999",,,"0.999","0.25"
"pp","9606.ENSP00000368458 (pp) 9606.ENSP00000378699","false","pp","9606.ENSP00000368458 (pp) 9606.ENSP00000378699","0.606",,,"0.6",,,"0.93","0.595"
"pp","9606.ENSP00000368458 (pp) 9606.ENSP00000493712","false","pp","9606.ENSP00000368458 (pp) 9606.ENSP00000493712","0.507",,"0.4","0.683",,"0.042","0.937","0.411"
"pp","9606.ENSP00000368632 (pp) 9606.ENSP00000376436","false","pp","9606.ENSP00000368632 (pp) 9606.ENSP00000376436","0.096",,,,,,"0.907","0.902"
"pp","9606.ENSP00000368632 (pp) 9606.ENSP00000405330","false","pp","9606.ENSP00000368632 (pp) 9606.ENSP00000405330","0.102",,"0.5","0.609",,,"0.982","0.911"
"pp","9606.ENSP00000369497 (pp) 9606.ENSP00000371475","false","pp","9606.ENSP00000369497 (pp) 9606.ENSP00000371475",,,"0.36","0.572",,,"0.922","0.74"
"pp","9606.ENSP00000369497 (pp) 9606.ENSP00000493712","false","pp","9606.ENSP00000369497 (pp) 9606.ENSP00000493712","0.281",,"0.9","0.997",,,"0.999","0.999"
"pp","9606.ENSP00000369497 (pp) 9606.ENSP00000391090","false","pp","9606.ENSP00000369497 (pp) 9606.ENSP00000391090","0.195",,"0.75","0.292",,,"0.963","0.774"
"pp","9606.ENSP00000369497 (pp) 9606.ENSP00000372023","false","pp","9606.ENSP00000369497 (pp) 9606.ENSP00000372023","0.1",,,"0.532",,,"0.985","0.969"
"pp","9606.ENSP00000369757 (pp) 9606.ENSP00000425561","false","pp","9606.ENSP00000369757 (pp) 9606.ENSP00000425561","0.164",,,"0.525",,,"0.974","0.94"
"pp","9606.ENSP00000369757 (pp) 9606.ENSP00000416255","false","pp","9606.ENSP00000369757 (pp) 9606.ENSP00000416255","0.301",,,"0.809",,,"0.975","0.828"
"pp","9606.ENSP00000371475 (pp) 9606.ENSP00000391090","false","pp","9606.ENSP00000371475 (pp) 9606.ENSP00000391090","0.054",,,"0.935",,,"0.992","0.893"
"pp","9606.ENSP00000371475 (pp) 9606.ENSP00000372023","false","pp","9606.ENSP00000371475 (pp) 9606.ENSP00000372023","0.049",,"0.5","0.883",,,"0.996","0.951"
"pp","9606.ENSP00000371475 (pp) 9606.ENSP00000375978","false","pp","9606.ENSP00000371475 (pp) 9606.ENSP00000375978","0.055",,"0.5","0.091",,,"0.909","0.814"
"pp","9606.ENSP00000371475 (pp) 9606.ENSP00000493712","false","pp","9606.ENSP00000371475 (pp) 9606.ENSP00000493712","0.057",,,"0.398",,,"0.94","0.903"
"pp","9606.ENSP00000372023 (pp) 9606.ENSP00000391090","false","pp","9606.ENSP00000372023 (pp) 9606.ENSP00000391090","0.298",,,"0.922",,,"0.971","0.526"
"pp","9606.ENSP00000372023 (pp) 9606.ENSP00000493712","false","pp","9606.ENSP00000372023 (pp) 9606.ENSP00000493712","0.274",,,"0.252",,,"0.93","0.883"
"pp","9606.ENSP00000374455 (pp) 9606.ENSP00000477713","false","pp","9606.ENSP00000374455 (pp) 9606.ENSP00000477713",,,,"0.335",,,"0.985","0.979"
"pp","9606.ENSP00000376943 (pp) 9606.ENSP00000381185","false","pp","9606.ENSP00000376943 (pp) 9606.ENSP00000381185","0.06",,"0.9","0.957",,,"0.999","0.999"
"pp","9606.ENSP00000376943 (pp) 9606.ENSP00000378040","false","pp","9606.ENSP00000376943 (pp) 9606.ENSP00000378040",,,"0.75","0.292",,,"0.918","0.574"
"pp","9606.ENSP00000376943 (pp) 9606.ENSP00000378974","false","pp","9606.ENSP00000376943 (pp) 9606.ENSP00000378974","0.06",,"0.75","0.292",,,"0.948","0.727"
"pp","9606.ENSP00000377192 (pp) 9606.ENSP00000380070","false","pp","9606.ENSP00000377192 (pp) 9606.ENSP00000380070","0.323",,"0.8","0.09",,"0.069","0.97","0.784"
"pp","9606.ENSP00000378040 (pp) 9606.ENSP00000378974","false","pp","9606.ENSP00000378040 (pp) 9606.ENSP00000378974",,,"0.9","0.497",,,"0.959","0.255"
"pp","9606.ENSP00000378040 (pp) 9606.ENSP00000379287","false","pp","9606.ENSP00000378040 (pp) 9606.ENSP00000379287",,,"0.9","0.896",,,"0.989","0.109"
"pp","9606.ENSP00000378040 (pp) 9606.ENSP00000381185","false","pp","9606.ENSP00000378040 (pp) 9606.ENSP00000381185","0.063",,"0.9","0.908",,,"0.999","0.926"
"pp","9606.ENSP00000378040 (pp) 9606.ENSP00000394560","false","pp","9606.ENSP00000378040 (pp) 9606.ENSP00000394560",,,"0.9",,,,"0.906","0.1"
"pp","9606.ENSP00000378040 (pp) 9606.ENSP00000401888","false","pp","9606.ENSP00000378040 (pp) 9606.ENSP00000401888",,,"0.9","0.829",,,"0.985","0.217"
"pp","9606.ENSP00000378699 (pp) 9606.ENSP00000429089","false","pp","9606.ENSP00000378699 (pp) 9606.ENSP00000429089","0.356",,,"0.722",,,"0.933","0.658"
"pp","9606.ENSP00000378699 (pp) 9606.ENSP00000384849","false","pp","9606.ENSP00000378699 (pp) 9606.ENSP00000384849","0.085",,,"0.901",,,"0.998","0.987"
"pp","9606.ENSP00000378699 (pp) 9606.ENSP00000381185","false","pp","9606.ENSP00000378699 (pp) 9606.ENSP00000381185","0.047",,,"0.627",,,"0.92","0.795"
"pp","9606.ENSP00000378699 (pp) 9606.ENSP00000391090","false","pp","9606.ENSP00000378699 (pp) 9606.ENSP00000391090","0.787",,,"0.361",,,"0.911","0.403"
"pp","9606.ENSP00000378974 (pp) 9606.ENSP00000381185","false","pp","9606.ENSP00000378974 (pp) 9606.ENSP00000381185","0.095",,"0.9","0.288",,,"0.979","0.713"
"pp","9606.ENSP00000378974 (pp) 9606.ENSP00000405330","false","pp","9606.ENSP00000378974 (pp) 9606.ENSP00000405330",,,"0.9",,,,"0.964","0.659"
"pp","9606.ENSP00000379287 (pp) 9606.ENSP00000401888","false","pp","9606.ENSP00000379287 (pp) 9606.ENSP00000401888","0.12",,"0.9","0.997",,,"0.999","0.962"
"pp","9606.ENSP00000379287 (pp) 9606.ENSP00000419060","false","pp","9606.ENSP00000379287 (pp) 9606.ENSP00000419060","0.067",,"0.9","0.99",,,"0.999","0.45"
"pp","9606.ENSP00000379287 (pp) 9606.ENSP00000419465","false","pp","9606.ENSP00000379287 (pp) 9606.ENSP00000419465",,,"0.9","0.451",,,"0.948","0.135"
"pp","9606.ENSP00000379287 (pp) 9606.ENSP00000495360","false","pp","9606.ENSP00000379287 (pp) 9606.ENSP00000495360","0.12",,"0.8","0.666",,,"0.993","0.898"
"pp","9606.ENSP00000379287 (pp) 9606.ENSP00000478927","false","pp","9606.ENSP00000379287 (pp) 9606.ENSP00000478927","0.042",,"0.9","0.82",,,"0.991","0.543"
"pp","9606.ENSP00000380070 (pp) 9606.ENSP00000477613","false","pp","9606.ENSP00000380070 (pp) 9606.ENSP00000477613","0.044",,"0.9","0.069",,,"0.945","0.463"
"pp","9606.ENSP00000381185 (pp) 9606.ENSP00000478887","false","pp","9606.ENSP00000381185 (pp) 9606.ENSP00000478887","0.066",,,"0.301",,,"0.955","0.938"
"pp","9606.ENSP00000381185 (pp) 9606.ENSP00000394560","false","pp","9606.ENSP00000381185 (pp) 9606.ENSP00000394560","0.094",,"0.9","0.042",,,"0.957","0.57"
"pp","9606.ENSP00000384849 (pp) 9606.ENSP00000478887","false","pp","9606.ENSP00000384849 (pp) 9606.ENSP00000478887","0.106",,"0.5","0.32",,,"0.981","0.945"
"pp","9606.ENSP00000384849 (pp) 9606.ENSP00000429089","false","pp","9606.ENSP00000384849 (pp) 9606.ENSP00000429089","0.105",,"0.9","0.957",,,"0.999","0.792"
"pp","9606.ENSP00000391090 (pp) 9606.ENSP00000493712","false","pp","9606.ENSP00000391090 (pp) 9606.ENSP00000493712","0.573",,"0.75","0.554",,,"0.998","0.973"
"pp","9606.ENSP00000394560 (pp) 9606.ENSP00000405330","false","pp","9606.ENSP00000394560 (pp) 9606.ENSP00000405330",,,"0.9",,,,"0.927","0.3"
"pp","9606.ENSP00000401303 (pp) 9606.ENSP00000405330","false","pp","9606.ENSP00000401303 (pp) 9606.ENSP00000405330","0.054",,"0.5","0.51",,,"0.99","0.962"
"pp","9606.ENSP00000401888 (pp) 9606.ENSP00000496129","false","pp","9606.ENSP00000401888 (pp) 9606.ENSP00000496129","0.047",,"0.9","0.05",,,"0.908","0.111"
"pp","9606.ENSP00000401888 (pp) 9606.ENSP00000419060","false","pp","9606.ENSP00000401888 (pp) 9606.ENSP00000419060",,"0.066","0.9","0.927",,,"0.999","0.983"
"pp","9606.ENSP00000401888 (pp) 9606.ENSP00000408695","false","pp","9606.ENSP00000401888 (pp) 9606.ENSP00000408695","0.042",,"0.9","0.05",,,"0.917","0.199"
"pp","9606.ENSP00000405330 (pp) 9606.ENSP00000478887","false","pp","9606.ENSP00000405330 (pp) 9606.ENSP00000478887","0.053",,"0.5","0.621",,,"0.982","0.914"
"pp","9606.ENSP00000405330 (pp) 9606.ENSP00000495360","false","pp","9606.ENSP00000405330 (pp) 9606.ENSP00000495360","0.052",,,"0.302",,,"0.965","0.952"
"pp","9606.ENSP00000408695 (pp) 9606.ENSP00000419060","false","pp","9606.ENSP00000408695 (pp) 9606.ENSP00000419060",,,"0.9","0.299",,,"0.937","0.181"
"pp","9606.ENSP00000408695 (pp) 9606.ENSP00000496129","false","pp","9606.ENSP00000408695 (pp) 9606.ENSP00000496129","0.085","0.05","0.9","0.623",,,"0.963","0.056"
"pp","9606.ENSP00000416255 (pp) 9606.ENSP00000425561","false","pp","9606.ENSP00000416255 (pp) 9606.ENSP00000425561","0.126",,"0.8","0.971",,,"0.999","0.999"
"pp","9606.ENSP00000457421 (pp) 9606.ENSP00000495360","false","pp","9606.ENSP00000457421 (pp) 9606.ENSP00000495360","0.068",,"0.9","0.606",,,"0.998","0.964"
"pp","9606.ENSP00000419060 (pp) 9606.ENSP00000496129","false","pp","9606.ENSP00000419060 (pp) 9606.ENSP00000496129",,,"0.9","0.05",,,"0.909","0.126"
"pp","9606.ENSP00000419465 (pp) 9606.ENSP00000478927","false","pp","9606.ENSP00000419465 (pp) 9606.ENSP00000478927","0.187",,"0.9","0.464",,,"0.956","0.121"
"pp","9606.ENSP00000478927 (pp) 9606.ENSP00000495360","false","pp","9606.ENSP00000478927 (pp) 9606.ENSP00000495360","0.067",,,"0.836",,,"0.997","0.987"
"pp","9606.ENSP00000477613 (pp) 9606.ENSP00000499058","false","pp","9606.ENSP00000477613 (pp) 9606.ENSP00000499058","0.049",,"0.54","0.95",,,"0.999","0.994"
"pp","9606.ENSP00000478887 (pp) 9606.ENSP00000495360","false","pp","9606.ENSP00000478887 (pp) 9606.ENSP00000495360","0.058",,"0.5","0.567",,,"0.985","0.937"
"pp","9606.ENSP00000495360 (pp) 9606.ENSP00000498587","false","pp","9606.ENSP00000495360 (pp) 9606.ENSP00000498587","0.084",,"0.5","0.329",,,"0.976","0.932"
